ESG,Myopia,IndivF,OrgF,TechF,EnvF,FC,SubstDig,StratDig,OpPerf,ESG_x_Myopia,ESG_x_IndivF,lnSize,Age,ROA,Leverage,SA_index
0.8020044081765466,1.0035759735905307,-0.444574981744773,1.2568234294197589,-0.17704531173798618,-0.761794893841656,0.20644373980941247,-2.1989970806723838,-1.478270308658431,-0.5307452203038531,0.8089882999765126,-0.3545281561953077,0.4143810666567471,0.898611402483163,0.054448174542030374,-0.26740558022102334,-1.0274545187984976
-0.14398341649627833,-1.117563123998945,-0.9832015417685139,-0.6707471420920322,0.10273108283056347,1.0155501746859485,1.0946220995777007,-1.2687577088779685,1.5129747284043038,-1.0436863350529761,0.14866256303397607,0.1227008423073636,0.7259133538457616,-0.2674818293750486,1.426320876265458,0.8092000951558039,-0.24598899873295507
1.1384156151850324,-0.3627846298966592,0.45635419285277695,-1.319656369463213,-0.5564314593474001,-1.0961536298633747,-0.4657379374475619,1.0630062258767259,-0.010580781816346677,-0.19196289150857432,-0.43983151568019385,0.4848085479605445,1.1807927002066234,0.5292831278256183,0.041938862516345966,2.6879702334651228,-1.1350109990294706
0.5564678524076753,-1.117563123998945,1.0227992378445767,1.6821495581191441,-1.8308723369192166,-0.7824059851772377,0.5758968275331863,-0.9680242164869924,0.34659673975269983,0.008602149930129784,-0.65402791247796,0.5323614624437578,-1.2195675896384994,0.550970482645824,-0.7282923875338417,-1.1252890631402235,0.31563742271755335
-1.3572342225787604,-1.0205604731559013,-1.7914367979518708,-1.1050451701311608,0.3453960856834306,0.12741324699879117,0.30429987749602844,-0.6921012635798949,-0.6361270350546853,-0.8328253357467793,1.404000919928889,2.3165189306984675,0.7555032834860926,-0.8462584952077962,-0.20999827844936678,-0.5502519070258911,0.21191323340282445
2.0749326906624006,-0.04428254172047415,-0.15478579577997073,-0.9288406259172248,-0.28613303436761844,-0.8227704830243832,0.15421704365516375,0.3610704538803127,-1.6788126156895447,0.27957149629198563,-0.11055512027000566,-0.320630751668368,-0.3214824758091581,-0.8983869187464291,-1.3000658320161191,-1.162234828148265,0.8894868536609583
0.758174927500536,-0.6039801889370603,1.239278985806859,-0.612214370727779,0.44605223711356534,-1.021305252766514,0.5903364475494909,1.7618808440009182,-0.07972095231250842,1.644461639553586,-0.48589601679928185,0.8872638595886899,-2.6013399847401875,0.6168480797628068,0.4386907938222647,1.3145920135227918,1.3527680778099893
0.8447219996676029,0.07121312800013314,0.6729879691626223,0.0446081979137678,-1.2223020120277488,0.16629814701642012,2.0258306837692306,-0.6290570834518853,0.3794125421628616,-0.6803698554399495,0.04534697493379181,0.5317222849691031,-2.2032284888217313,-1.1053595100591254,0.6211845037223777,-0.8902355137612383,2.4300972229568263
-1.1691251930035775,-0.22684678723262727,2.126153934570278,1.1950376771863118,-2.143369586964567,-0.35251855159743783,0.9066910669252631,-0.4809013473151875,0.7719348143778922,-0.8470530823125264,0.25561474819161834,-2.3944367987223334,-1.0640297009319788,-1.0936757207151564,2.488057295166282,-0.7851533632820298,1.5506635694467545
-0.11356247667484158,0.44588760194848,0.05893165133280177,0.706701454756518,-0.6553316277387152,0.33566958532120356,-2.0999366593696025,0.4598514356566153,-0.2629501025477163,0.5282788642709882,-0.06825978034684417,-0.019339633745202135,0.5259924941018206,2.8169493005580044,-0.5824599128902604,1.1486129829773288,-2.6612806988502573
-0.32772560476076296,-0.7061961974842026,0.40482666369973536,0.5408646123242764,-0.06638010295028704,1.387584996028796,-0.8662432199733866,0.7356002634425688,-2.261974549177686,-0.19171436398057554,0.22098279440202423,-0.14003673958293822,0.09760845353410201,-1.2499733571319562,-0.23076822757425886,-0.320128969694623,0.9173327160443235
1.5332828290224083,-0.8348802287221351,-0.5611593501042055,-1.0170815971237739,-0.23110285870717626,-1.0733661145636886,0.19441970162924208,-0.1609774430091509,-1.6645012425570018,-0.18480152758955173,-1.3289737280283807,-0.8372651745018119,0.1700284910451991,0.8390079146531556,-0.536688257495723,0.4634460422239519,-0.8363329849974561
0.40185556680330947,-0.5660491244714275,1.592699694262799,-0.417240745778838,0.9435346303975854,1.3951007046267268,-0.7558239370740727,2.00855089486613,2.1711118118202504,0.3866445465297046,-0.24958725968885226,0.6002696763604689,1.982990629248471,-0.4878800388710731,0.24595495195561387,0.3360473302513505,-0.6720991669879356
0.9837360323033232,-0.7989365808686761,-0.37854062613853995,-0.08995765071176087,-0.2749234385486247,1.3304207520671207,0.4929668329945638,-0.6528815009361131,-1.1969240086533093,-0.6991612132539644,-0.8222515158222419,-0.36969721275299317,-1.3215915267829195,0.34073929946553655,0.41440632362880014,-0.6646032066500595,0.5621888912214071
-0.13197795084237335,0.2058715389463877,0.6376590366522321,-1.1364021041221948,0.12489703174853056,0.9848965343612917,0.7419715270662455,0.1402214267851795,1.4383530876689412,0.8295568291258184,-0.04419789130042993,-0.09355592844317905,-0.04733284724287006,0.41315898441038107,-0.017771577075488876,1.7366607166792043,-0.35633946242230086
-0.7645350835517095,1.6418319641044001,-0.27828080422988727,-0.6680728817383863,0.2897558003208878,0.349803851145815,0.4525456524420166,0.24360054210448995,-1.1124429250156505,0.4719710484751367,-1.3034723823333187,0.19090641934144406,0.2932499777920225,-0.42446035294742007,1.1143651231292786,0.13895269005837205,0.12569339452233633
0.16001333690951922,-0.7557639290189583,0.13869261630390542,-0.5606120304746176,-1.9830486943015784,0.3191665005388981,1.402001369090812,-0.577809764709436,-0.23669024305852798,-0.9375611475736553,-0.14034230972098638,0.008334259523069602,-0.7747847582022271,-0.21674506565231036,-0.577635657977729,-1.5824290864139892,0.6312243123258822
-1.5745096359639494,1.8973415812887844,0.5796586290806923,-1.2325900959624094,0.08529485345690499,0.37177958379598686,-1.021832017098724,0.9791591188565744,0.4433012194114977,-0.2912229214928549,-3.0796329769549793,-0.8873358400025307,0.009891356196392139,0.773758809473267,1.0148779504265972,-0.036612100802778796,-0.6865927462592628
1.003480791607764,1.1027086242091453,0.00025294683330971197,0.09980949272755374,-0.3659299299238351,0.518321759212347,1.3542268825511343,-0.08931279866486679,-0.799356075079984,-0.11163078717400343,1.1183288265300746,-0.01268464990797355,-1.6611386963856245,1.4039302332858563,0.57017293089217,-0.006330570605187759,-0.053598631534480044
0.36786518868143797,0.8924121303363955,1.3190566500909187,0.5314109343403653,-0.15873273288184211,-2.1014811600054863,-0.6065883411117757,1.383623280768028,1.7080044443570022,1.471076076305165,0.3202926335194236,0.45196048857282445,1.4277472392380721,1.0482019921233265,0.023298946009589133,-0.8788929834807194,-1.6802156038404474
0.7479303303081547,0.14117559527682413,-0.2350362451251929,-1.5828291210799241,-1.2691394926695057,1.7360847030871198,0.25371501748186015,0.09297621391150926,0.03249500237184904,0.34363191287818057,0.09193573338108697,-0.18134737609612087,-0.7186910132551838,0.02451372330612634,-0.27759741825239337,-1.6946530352819498,0.3955349153588929
-0.37304221536727483,-0.14045921248216395,0.36863188097998334,-0.08277484340751205,0.8457306065354366,0.22567861694434257,0.48135560190870486,0.6100635077421465,0.42328933777867134,0.0007431724448932903,0.03739175154793344,-0.1446768470124495,2.065559878669128,-0.4360601958343148,2.4458112724281027,1.2410681116960007,-0.7491673120806148
1.9918252867638444,1.1146383102644524,-0.4455687264018929,0.7805045637726825,1.6133760860836226,0.8075817634857212,-0.7172976065163064,-0.46103480452872253,-0.18851882210322998,-0.07971016715347999,2.2602452088020284,-0.8632087654256322,-0.05250617873560435,-0.9046757063759473,-0.7763372348340608,0.11858481229838576,0.7258509760722204
1.3151919098909073,3.458099374461212,-0.2648140405788231,0.6654875544374782,-1.9755964452745223,-0.32715127378857983,-0.9733014188354068,-0.8998115840296242,0.8435613146769888,0.7406988273857577,4.647299828963981,-0.3466051116305003,1.035868205266758,-0.000306529417519317,0.33120485393572957,0.7993906022351946,-0.6281117449825584
0.817468645851718,-0.4225427911189276,-0.18003173200575262,0.9004520113721374,0.31061725098569204,-2.1827113754845264,0.9496803041987191,0.98635182244877,1.5460271208609715,0.8117127519336248,-0.37052990542533676,-0.15392703786231304,-0.07388162311817467,-0.2710776279382019,-0.7099909289941682,1.8406092800201381,0.220240729523841
-0.882509997363231,2.5859465509577406,-1.2077547818327385,-0.16995246120485039,0.7820472889014777,0.025237063391275193,-1.740069407917767,0.7332853807333853,-0.4222914060054394,-1.0486230530976468,-2.356452476828928,1.0082347576119777,-0.05073024921022323,1.045143317651313,1.8090188165966907,-0.30559400528103975,-0.8717049720605063
-0.0705622730802417,-0.5966342993565225,-1.3918921345030684,0.9216050676652998,-0.5406476839753753,0.01856701774224232,0.40085188467430527,-1.2766212496044769,1.5645636003689445,-0.5269056300110211,0.026832738712390572,0.0811689198557807,-0.6185434791615916,0.3936917800493651,0.9161895905656426,0.8786573917553042,0.025880701271650368
-1.7673704517029187,-0.3967735370255575,0.4260370627865229,-0.7749762472405517,0.8620763037582262,-0.16614067430661547,-0.20725004331638294,0.17548221859608507,-0.6994625328050084,1.6705589495547266,0.7027284805187731,-0.7343200781336039,0.10307262046017494,1.423649105716169,-0.6385987250386492,-0.32182300093608707,-1.275045130818905
-1.0467763455879884,-0.5482336313745135,0.3922326476605551,-0.4084156846411271,0.39395686917421197,-0.43222393370921103,2.0074157548672935,-2.473544948614303,0.7215119067885862,-2.2324729719520606,0.572124063822773,-0.4062914039081062,0.30716928032449275,-1.0163716911876375,0.544441984946008,-0.34022965528147014,0.6022393100573821
0.5140603695448263,1.2083348881265574,0.41305368728112013,-1.0123039174625486,1.516958134955815,-0.704885207006386,-2.0590890253822374,0.004423740277413658,0.5263057799437635,0.11356321122837529,0.620604571088696,0.19050316186683905,-0.8240301127047965,1.9904054222401908,0.29123444954677935,1.7066371251980934,-1.1421979731656078
0.7039941749728283,-0.8171288527763921,-2.0571666344539823,-0.11884983703084212,2.0165851023222228,0.07196160523259433,0.8215662791831746,0.34647176161794063,-1.32790815401624,-0.3250017025672984,-0.6062088806019247,-1.4004343605684328,-0.14750690225245866,0.22186336432012022,-0.47794695892043826,-0.3271859704459975,-0.13769518480753334
1.9440316889189135,-1.117563123998945,-0.4907261382222249,-0.32157827898008484,-1.7094863852829987,-0.33266651826987625,0.01669464304932999,-0.04894816335903769,0.10605055598353222,0.006068569914587518,-2.2441232198577157,-0.926912749270507,-0.6452975249782652,-0.9454248532279727,0.7883813944308466,0.6303620104135087,1.1402247029280672
-0.454862768411279,-1.117563123998945,-0.9046631580541477,-0.774387369088945,-0.0966416280682457,1.8644617564894603,-0.45560757629916,0.19735711496601044,-0.14235645873005026,0.15039439057201942,0.5049184596161428,0.38131498535072245,2.340867642960409,-1.098414810040725,0.4219706413378489,-0.2213000748528754,-0.31771058122750306
-0.32866093658169154,-0.02613189338927279,0.7674834979735862,0.6778198950162063,0.16781635721997407,-0.9815570320067286,-1.3928984845411818,-2.1508110548650765,-0.8745168718563708,-0.26784551265875856,-0.007530169491722533,-0.2545927644064184,-0.11126601878018458,1.0398127696215802,0.24951617139859725,-0.9638669129869039,-0.8299572605947066
-0.06311703484058466,-0.7412772662937263,1.0860003899247583,-0.544152213570317,-1.035862376904262,-0.49002722778855723,-1.192382193677443,0.21415221039186813,0.3940398416710977,0.325615467753004,0.03163920130624318,-0.07859874865803446,1.5666264540133514,-0.34627211178600337,-0.006392470272927964,1.4014324231450257,-0.6036019801533911
-0.9022678704780598,-0.22245362450031,-0.7349552031356043,-0.6700558865054786,-0.3899912556174215,-0.5663460474154607,0.824268603319566,-0.04310182685553932,-0.013970690631872519,0.8979752684018171,0.18947619203469868,0.6223926509234167,-0.2199379957477784,-0.4888642706304417,0.46344265891319786,-1.3710414565546347,0.48966008290359
-1.1601524007123163,-0.1903217340153196,0.4270581357914074,-1.2146225146211604,2.12535408019493,0.11342573575363644,-0.48545745599418827,0.693143319037534,-0.14252453192131379,0.30805176429636305,0.21007615087431494,-0.48760521772622134,0.24691663948858034,-0.28725758942147783,0.26311426705557345,-1.3709015101463247,0.040437721726266286
-0.04698063289391596,0.1453918708753468,-1.190532018556062,-0.1950824605005345,-2.089068190955337,-0.0021646788834794196,0.8677525541768033,0.17683356147861043,-0.24063277615235712,-0.32484375427657813,-0.023341125193731705,0.04065879552551579,-1.3752385645233318,0.4698175076021125,0.09395016219480082,1.6239025824475501,0.49602732364458507
-0.7656761644602332,1.3172968744888929,-0.6441726671487081,-0.5767630709702999,-0.0768963181696315,0.3844022638503387,0.01221138137702279,-0.4076166776162435,-0.2799739451848106,-0.8365063958356268,-1.0505902344815627,0.45961797789211234,-0.4779906370271569,-0.19651548490935342,-0.601512543344473,-1.248291120923722,0.4161537105596702
0.4755815124800063,0.26133525695901205,-1.1469188159581878,-0.3846705211447297,1.069656087897913,1.660994911559843,-0.36305027934983314,-0.19213418092747253,-0.5108508554932352,-1.6916092030530059,0.11110754912113593,-0.535509463133092,0.19688355215715292,-1.16439428663949,1.7177739363989706,-0.5425900373532689,0.7880877199003486
-0.14855875236177402,0.1291710537010654,-0.61836712535245,-0.7911573712738653,-0.42528877215819194,-0.5929536138118158,-2.1400553621979714,-0.9260683013903374,0.01727712361920806,-0.345399115791457,-0.03601406970750254,0.07508401286552832,1.608468683482241,1.8450666888100602,-1.0081994039004718,-0.12735472536431441,-2.4170890132194027
1.0243244048609967,0.8474064478180452,0.44671478485206095,0.7154022970673571,-0.006054269364981982,0.5250351214711336,0.5091597702862578,0.07292948489612655,-0.5901556643131739,1.635492884062577,0.8737396947621837,0.4254659058749164,0.20863225429565757,-1.0715283810610234,0.4600470718774991,-0.9001226835452772,0.705109678119375
0.5651548588155274,-0.9870017868317529,1.3378138711318672,1.4724145817470597,1.974247971424459,-1.9626652779113238,-0.7305216425987612,-0.11808362611490295,2.754357098796723,0.6821541638254929,-0.5883204800574081,0.7114408351395812,1.4008738158515206,-0.3324660007482204,-0.28286631709303545,1.2449069034487992,-0.5369427029566541
-0.49421968739305366,0.9564621407279131,-0.8873508936973777,-0.0384074714911337,-0.018799740330768616,-0.6643229155970881,0.047716674756080636,-1.8749736522155356,-1.60979030173231,-0.7104224257988773,-0.5010513753107859,0.40722948200008136,0.6383736937316433,-0.39508142694191833,1.7831183840665397,0.39200770210731645,-0.0937380689098223
1.0225812615584755,-0.5843699071287958,0.08683914656808549,0.3515973287793931,-1.1088660966524397,-0.09550922480153011,-0.5287275512755372,-0.5536795583396994,-0.6288931181558125,-0.6721804428007928,-0.6290876169552876,0.07214871695075413,1.650953174717259,0.11598862341604677,-0.8622372042115843,-0.7644473369127857,-1.0207618938214544
0.9135740772302143,1.0385687051706074,0.5243733051058626,1.1192484744416453,-1.6165155863392686,-1.8827474532596356,1.1745422913808536,1.1931137809410561,-0.4436295008871423,0.45965786354426486,0.9565830275635204,0.44603850984277227,-0.07977167065831268,-1.0762795378536507,-0.6951343804698489,1.0081007212044966,0.8831553909675464
-0.281934825852313,-1.0829476522431978,1.6381544842476834,2.3461494545298507,1.6372467649747982,0.3123894178505558,-0.7844265789252469,0.7829532020692332,2.151038138860775,1.5532102949803672,0.2967423197178636,-0.45541438699054315,2.4338041004996893,-0.5121431667097108,-0.9281324690960491,0.4199493079445481,-0.8335503243733059
-0.5664126999937047,-0.8797929706421413,0.2672367305298944,0.2699898436936087,-0.5993399586417465,0.4827178861588459,0.11177852495155362,0.24065090513653375,-1.3893994947356743,1.5983532424992104,0.49465209806563804,-0.15794707535683264,-0.517320518858076,-0.8283587789894821,0.35656727584657977,0.8233656790452574,0.9593206397880225
0.512438059521003,1.2143612111062394,-0.7075675805092045,1.2307495330521585,0.05668655357417497,0.6912594304598747,0.20391215018913914,-0.7366198884065353,0.3613623545865169,0.7276798531968965,0.6217610540583091,-0.36030862600690644,-0.8057661471098493,0.11606663021607967,-1.328688857666378,0.18219766298907047,0.37992533758964786
-1.112808590608062,-0.7138274286093869,0.3091108625060754,1.3352607207534595,-1.3261882721645775,0.04317137967367114,1.0397539785220746,-1.8169914042061106,0.19526192154755478,-0.29878774307490474,0.7982019364651667,-0.3424853596804581,-1.2610046213620343,0.17355798457902236,-0.44010353218806736,-1.7136919685126362,0.6547608917696296
-0.862687562734726,0.21480758504328792,-0.5082414708557651,0.8131615946622625,-0.15246885424046858,0.2750584963021745,-1.289368805581161,1.0700607878017356,0.18526954392853096,0.5650823090878513,-0.20635780416188845,0.40714068293820177,2.3730516865539277,-0.7296932746350021,-2.1028317970587906,-0.8981962803587216,-0.6321054565519494
-2.5307566501130356,-0.5747069107495021,1.8803503878726682,-0.13622078264524912,1.523420752576334,-0.27585622225959355,-1.0517295412821168,-1.7866215533502188,1.3026367283829685,-0.486874042960274,1.4750657573154293,-4.572096591789612,0.8217848028596517,1.0003365494991265,0.27407473035938973,-0.40910030753714904,-1.3355433719102678
0.8478087959990802,-0.5686644403862932,-0.2876046804073051,-1.5012663736393246,0.0524204263080062,-1.7657949061457,-0.782144640812337,-0.3903941255072769,1.1628499490020623,-0.7242837054725108,-0.5107069504037017,-0.2465372610414323,-0.3620729788102386,0.36216176016777246,-0.4616459663167054,-0.18332486443438809,-0.1165577429023948
0.4613137135699816,1.2160298971412735,0.4775457843027043,-2.2480578021724633,1.886008737052639,-1.3263292486478895,-0.19531282576186954,0.11201358744587563,-0.42740220523791034,-1.0665301199882338,0.5588893568795756,0.19813311099902356,1.2626393677930527,-1.013839870673024,-1.4429316600540374,-0.9294759045041822,0.08794575074385623
0.5799358145741619,-0.27191087921323637,-2.002947284612489,-0.09314099031042643,-0.6214009082285661,0.41601770458453036,-0.2635070333627604,-0.2964042797679868,-0.026740734855671088,-1.2499102823783443,-0.17803494312239085,-1.125801706336972,0.6865698875764418,-1.2000182601544815,1.113653364649528,0.7983622914612928,0.5389318800629612
0.8257326329821674,-0.4301151330225732,-0.2865665569634751,-0.047950318601906614,0.057930365683829796,2.309192132263724,-0.24711972943682894,-0.37490835317495236,-1.960199304373483,-0.3743331243716135,-0.38052214733430356,-0.23963301785727562,1.9985733069908047,-0.44838185935596575,-1.2637390408838056,0.32551651209135074,-0.7110256226880977
-0.09108572829138738,0.5461091458747495,1.152653488176193,-0.27980464552423345,1.1416458271761847,-2.1141512731644583,-0.4145676067804847,-1.2464081224583567,0.13874894248753433,-0.7704804570178104,-0.0673437279712407,-0.11351570134572139,-1.607653761554108,0.17933195154772333,0.8269034923904742,-1.282400374877097,0.9082287197690951
0.19752559651105267,2.5440235179680535,0.2676877441747853,0.14753043943459726,-0.08798989357091251,0.15111305368400949,-0.5282523999827737,-0.8163548164856838,-0.8019776104752447,-1.6376305156597288,0.4989422663572153,0.037730204391773575,-0.29150689214361963,-0.8352268479488535,-0.6611390730274759,2.541143214310589,0.8186260614668334
-1.1125994815409144,-0.0329286886067026,-0.16976555773620516,0.10491512364480451,-0.5568881509840385,0.7051216577098557,0.2796330486049107,-0.7428085813292999,-0.31615894441521875,-0.47705062903262024,0.0212304750769858,0.1680331443243408,-0.4938450711514686,-0.1275311971497041,1.6261909600895113,-0.6015807802351076,0.3700656299383436
-1.2395504607909065,1.4095128765603562,1.5037096938761636,0.9857835694515824,1.1238864290813362,0.9756717057862211,1.4112144860355393,-0.692960437057768,-1.7577861552682492,-0.6326014488124881,-1.8078970382950614,-1.7986944827730718,-2.0446852304568854,-0.3811283056778609,0.7798248841076056,0.15702510064699446,1.7087422657854743
0.4715165361855773,0.03064771525513697,1.0568067526777745,-1.3311489861297425,-0.24234150283019024,0.11842194270486767,-2.8366163882495203,1.8705084492604387,0.46612138980633555,0.23460141641372528,-0.0015188267196518952,0.4644794106629932,1.0689892601056947,2.0432405642629408,-0.9661085499316141,0.8667886205324136,-2.3182406744348496
-0.05907311975580134,-0.8967241383497623,-0.5032401090650255,-0.8286481846966909,0.12562761718847623,0.31853488184352013,0.3048723920606581,-1.264346901153402,-1.8358737134307623,-1.1913981151680446,0.03798144164101345,0.015553587127692737,-0.29667558265023697,-1.0163105815527376,-0.8757469574839513,0.02923417803851113,0.9701884607920193
0.18821778442741255,-1.0064245442152153,0.09331000817565385,0.8187283934048923,1.9536809579577636,0.536745601703457,-1.1220321867005234,0.9438898129871175,0.09233562959588539,0.2712544510431916,-0.2105775419925614,0.0038983404275108146,0.7398726807654022,0.7213416335258537,0.6367554297563806,1.7146542494312054,-1.0631652614411
0.7712321688685572,-0.8875689818394127,-0.04958581276841622,1.0328919576392381,-0.8724174848624465,1.1115001875738981,-1.764700155647464,0.9077867821387547,-1.309467485785382,-0.12302551726133466,-0.7182533212459025,-0.04956645059725238,2.4025537720020442,0.6335404331870956,-0.2253877329098019,0.13946949291539815,-1.7596557914058772
0.37633696607122546,-1.0385492055960504,0.3275286938637805,2.2365453259639,-0.4908805872588813,-1.2072016313306602,0.32812894662290853,1.2132488724894273,-0.8997891561287642,1.325028411761312,-0.41711329088051985,0.10516477857656224,-0.38169805263436357,-0.2980662608743176,-0.1329695758101736,-0.9732915167577393,0.4366770203512681
0.1573568083647768,-0.9676962122011006,-0.46902593961425604,1.1463578247381954,-1.8437438445752619,1.47757068554216,-0.2910267312962292,0.0037369352029014433,1.0642055308227072,-1.4397408967177758,-0.17248001317131897,-0.08363751800674225,-0.45139045140972306,-0.0563232675817588,1.299044185485095,0.04946818649218025,0.2839811067551778
0.1722392316028755,0.3228645036467198,-0.7430912191595831,1.2313757060688455,-0.23710226846599605,-1.948780767126326,1.5273007885364045,0.17072507599531753,0.47975391673408135,-1.4965670164189209,0.040686109283562436,-0.1355504862108875,0.10260078881623773,-1.0769896107542247,-0.7084708878602564,0.97295341464745,0.7726999337894083
-0.5192022083088962,-0.16070462124330576,1.3516536202851217,-0.542662255210744,-0.8211037643658499,1.0137374956704304,-1.721668131511212,0.6586731839362613,1.205263221302962,0.6022258329373933,0.06922152317134384,-0.6852825261203963,0.9939905359014527,2.797030123235355,0.1259368907842318,-1.196986363032223,-2.89695836097449
-1.9352626435566833,-0.231526039811505,1.4212129399130313,-0.2953173434447721,0.5267487518334112,-1.4708377920022158,0.291266009527281,0.2207071324893525,1.5782884130952315,0.48103400148172926,0.4431126511993312,-2.6480185062351898,-0.6007724934603971,-0.28864157541016017,0.983541065000195,2.158076053443782,0.5727006298087022
-0.14971076603002045,-0.6765323257006772,1.0115897857869154,-0.6850932436511623,-0.8923365467145199,-0.8974086605116669,-1.3096279543116403,-0.7774405754908096,-0.7625387938004677,-0.07091231623882643,0.08752099207463963,-0.1580233411060101,-0.6667080529908852,2.749966691171579,0.8389964946672721,0.05241022542142144,-1.8710917435470622
-0.8090718732393779,-0.4016444585828956,1.907425766876715,0.2502861064828394,0.5118705554437344,-2.409986489690888,-0.20590363528604527,-1.9484765493373466,1.6056966494502605,-1.1291798344704194,0.3168799392132736,-1.4914615952032548,1.065768932187309,-0.03914017801809008,-0.1233043121200302,-0.04883153752683088,-0.6115973975127532
-0.2249450458364734,-0.8185800453221805,0.6581813360433215,1.53670532174435,-0.6066905504431636,-0.1442299103504158,1.0681740362685828,0.5364853306804649,-1.4986365630442047,-0.5036567012641252,0.17247770993448316,-0.15477429089137376,0.36940216298576506,-0.6634208533005717,-0.25173942146696227,-1.7303513497057657,0.2772748803369817
1.1144979588878385,1.9682874433228947,0.7221021307581551,-0.4543378934784402,-0.33697979132903666,-0.4475370920066361,-0.4836948549418962,0.5257727523359695,0.9095400719422534,0.43129046115794645,2.233059058160543,0.7581077138722083,-2.117596275349417,1.4650043870665415,-1.6920261222590183,-0.4573484670217052,0.25591624163054455
-0.7415192479040413,-1.117563123998945,0.7152312012591843,0.11777592057051221,-0.35466188871738014,-1.0097681364722901,1.1379889044003206,0.2590785957755314,-0.5053859263553016,-0.182675455139869,0.8334158669984886,-0.5210467671418177,-1.2767463290401688,0.22234614380451126,-1.0139857930438374,0.362863411950911,0.6262942895588228
-1.6222245575840033,-0.8014849098174933,-0.07364312782923185,-0.5969932229939501,0.63430890750761,-0.1288078483238356,-2.583149759897793,0.07981973317576628,-1.0395680163902628,1.1512778059125623,1.316891100688853,0.10152846414507015,1.5214749467398858,3.7997444193145546,0.351495338231895,0.5857930991997389,-3.97727759562689
-0.5877812803022425,-0.08588517211528061,-0.1368679565805429,-1.0392192229801203,-0.0404954800471002,-0.2587863748742249,1.3373794853978298,1.0406928634668582,0.5242916506769393,0.33699166172516504,0.0354275562457814,0.06414725452006498,0.3933026251264343,-0.679464997745001,-0.1017180561947768,-0.44369827371064763,0.2766913610944626
-0.550370989817309,0.36089560152113476,-0.7562584748229395,-0.9382692641865142,-0.3201698654438139,0.760276135214842,0.3960755644009863,-0.6631264523013791,0.79829692205383,-0.40384963638469557,-0.22001078451177483,0.3858419894020318,-0.8013882332697636,1.5462190398916111,0.10967882101260736,-0.9906643033312964,-0.7940495707887711
0.4529172428861409,0.701042776393716,0.36236960200167345,-1.6813829674975664,1.1115756620190562,1.2787439074039502,-0.9342076616628749,0.8441747416341238,0.9368964110160467,2.511442266459467,0.30924588188268376,0.14431364193573068,-0.1940633079199757,1.6517975386847208,1.0676052293061893,0.3070285277286929,-1.279346758370826
0.16648391460949113,0.1309368859005628,-0.6006901734305032,1.621527193380337,0.23294586852281998,0.40916599602997833,-0.6671913076479373,0.7248328461763618,0.11104848134396984,0.18347051785612212,0.006015876187769335,-0.10873970097669672,-0.00559493915625716,0.6614425929520683,-1.144193959262287,-1.4597562581836674,-0.5851886983900049
0.8369797255131473,-1.117563123998945,-0.6988844498042213,-0.2919982754394264,-0.7719978543571162,-1.1966605829543313,-1.2233649098404034,1.764027133109837,0.003501414034415717,1.3095007413917303,-0.9754838349750465,-0.5733519463300294,0.7358724895643997,1.6688827906337718,-0.199363776365985,1.2470701137244156,-1.836826627353342
0.4597740753908951,-0.7578673004766836,0.2026247634026116,0.975586885491934,1.3400877807689011,-0.5620254178460551,0.5975031525503347,0.003557760082778409,0.4939372008593903,0.5713064461697773,-0.3736392131715658,0.07632736006625085,-1.413106760708627,-0.2685100525513459,0.22270753547777625,-1.5190166377163004,1.1286142971368738
-0.23070794715107046,-1.117563123998945,-0.25992289534971036,0.46113781557328226,-0.3720492416699374,1.3943918877377492,2.0602484871120517,-0.9887840884024822,0.21678325867268786,0.03234496583330563,0.24804557201727473,0.04452395934189522,-0.8822092797593889,-0.8003460596712223,-0.6642374854209105,1.2233016783535369,1.1829542822415773
0.949132946141824,-0.06663819397798755,-0.8290453063914206,-0.9507826784028545,-1.7465363492570656,-1.3929623241056805,0.04365203422793574,-1.6586793674624833,0.45324651552051765,-0.709515741733261,-0.08119268356984462,-0.7668071204152418,0.2609436392254242,-0.6060413446294932,1.4572255919234107,-0.7017521453874017,0.29322974400872176
-0.9924541858327932,0.14918935893184637,0.9035877811050498,-1.0159344552369076,0.03222937996499021,-0.24668634908432738,0.01567314881321757,1.4870782138220058,0.1758455575678425,1.0560645295802178,-0.16816304813598673,-0.8720942931825433,-0.12163512715633532,-0.10875038799898953,0.937805641658159,0.9151260409861526,0.11689607867481185
-2.0729138886967737,-0.1085097707485959,1.085730974408431,0.888710112153219,-1.1429548802598561,1.5980839620144378,-0.596329292079912,0.5668954687416857,0.8054289665054782,0.5650601277974436,0.21431027349414422,-2.169182173021258,0.5676954345870769,0.7360979088596894,0.32345677075048584,-1.061182941544185,-0.9808208950672594
-1.3833430630147108,-1.0378063701202858,-1.0214454419050307,-0.695923314206804,-0.6876510455754449,1.666843825689991,0.5329402226662542,0.10863948854353883,-1.8175202125527588,-0.6660651178024425,1.4557869027556662,1.3408318259959178,-1.2809699910145362,-0.7620625478174612,1.8175726968969632,-1.2538709726285977,1.4353882151928896
0.632730736093233,-0.24715390595100462,-2.3105188481813714,1.3633206416564698,0.728041307177793,-0.2349883481501403,0.3129480803060471,2.1841366983773525,-0.3821774884845489,1.155179105094424,-0.17669269567397952,-1.4135627367577899,0.3473267060074477,-0.4585167847520599,-1.4536982616344876,0.16012578586350792,0.12222459777464256
-0.08329426211725842,-0.41463669200400594,-0.46326700033229173,-1.1705068147527566,-1.1096789344800007,0.45127742207516336,-0.6124582900839728,0.2702743814989405,-1.5139714526147,1.5440959087728219,0.01907753723339264,0.024041612649030694,1.1010663806856158,-0.7160851316766114,0.02757402205386219,0.6822402469041883,-0.07526304459604354
-1.0165258990042736,-0.9924041549542948,0.8352583935117357,0.4505895218717274,0.9311780642877252,-0.1138828899459434,0.1025256251135952,-0.9339352673558788,0.2828378229178619,0.5544441795567133,1.0181026628736387,-0.8263870685243624,0.4804218699819666,1.004918355237927,0.3991546579079938,1.1536469102106095,-1.1519965295966466
0.019397916059097315,1.0274794269796537,0.9944868791705677,0.8981625487547144,1.5717875315365748,0.713121797050546,-2.6533507637435423,0.8680967551951823,1.7017946463993001,0.959337108810816,0.004100484019845022,0.005554237036415871,0.12358525482434415,2.728410005356714,-0.8732362268263819,-0.16661690211445288,-2.3556438717795785
-1.055506797515431,-1.117563123998945,-1.148414175496426,-0.7936940077396569,0.3243702291664278,-1.8754267919474847,0.8663964295528342,-1.3563101446690873,-0.653615647370078,-0.23812412419385498,1.1932336397562866,1.1484033193719656,-0.11758040760249604,-0.8894579373644498,0.33396775919076455,-0.6942647185668296,0.7536016625190597
0.553335616624592,-0.8736907989408387,0.7545007975118422,-0.6592918990346329,0.6151719548786089,-1.1036591406271412,0.7670791466839899,-0.05865764735843724,0.13594131634703918,-0.6250402260553821,-0.5120661561587169,0.3870581984428341,-0.8759511778147921,0.43768126425135073,-1.063989210039458,-1.1295666369240716,0.1649533771523965
-0.12472970547415106,0.14840430103125268,-1.2584835928896272,1.766926662302178,0.6248099594519305,0.3029153308761345,-2.1869583031244364,-0.013491082149269126,0.5871993095307737,-0.2877042866188077,-0.03531774790760143,0.13746043223109486,-0.09306824394810644,1.2141199747445413,0.7212231945842841,-0.5223600361277542,-0.9839498060338162
-0.2995881171305262,-0.9894070687935256,-0.31359287257627094,-0.6962908517138352,2.2285011413453417,-0.7624052372712907,1.080748812509242,-0.4619886223759819,-2.197423209754541,0.2572244750547184,0.2876099478572859,0.07708144129624053,1.2736030335819033,-0.34533507044276596,1.086063066818128,-1.6952058960693017,-0.4647888688829387
-0.5264958643743683,1.038211115549344,2.281849365914043,-0.21882189463321902,-0.37517498402456106,0.44743127052162135,0.48564687616769137,-0.8585392947531134,-0.4277498714167743,0.8931845745291161,-0.5768410032669965,-1.1639360741138083,-0.14133303204992848,-1.058438459809684,0.3057749808237041,-0.6378670237936509,0.906735215409087
0.3640395812877474,0.8480504295031684,-0.9241151249146299,-0.21196061016035098,-0.9665927607767025,-0.39963621208031724,-0.46387029213527475,1.0570632107318467,0.25825163590415745,-0.10836560389672646,0.30023206681566467,-0.3352359054034119,-0.9323469221050376,1.4469865612867416,-1.805251987216227,1.15212036085848,-0.622248126393251
-0.352663740593255,0.7066179328983226,-1.078939663040982,-0.7339639127643998,0.09572434677739398,1.2446282658197418,1.322183604834516,-0.33093351531203274,-3.1237932734996416,-0.9558278741270952,-0.27186794265418446,0.35161995251990436,-0.5243512898008785,-1.0802934536594768,-0.9251280005335745,0.10621217463543192,1.1702312352158601
-1.3989145357888193,-0.888947840525344,-0.2257224592635753,0.7582491623149494,0.13217210066576116,0.9461848643931998,-0.5582619877361796,-0.02586098514708222,-1.0930541465024897,1.5674558666952967,1.2588256986149011,0.2895979907747093,0.18694489409527337,2.0212508542781262,0.5962111134831132,0.34495870889238195,-1.8143582604004116
-1.2209920087177988,-0.7111283911493564,0.2932764814582887,0.7447512154561141,-0.9056813956268823,-0.01905158824686769,1.0397637108869033,0.4441583928127704,1.0576575669922188,0.43851158280086705,0.8740093548029145,-0.3560008462598167,-0.40250059948354333,-0.728654766064387,0.0563069753190253,0.12543749249163444,0.8026874654686146
1.868575358417232,2.5691273861876316,1.4820868987690046,-0.35948676604946384,0.34197057592087216,0.778031911703543,0.6897445313014355,0.7575972371937244,1.3809009805857149,2.1093447432905945,4.906261113686576,2.6403381109910864,0.47886681930110325,-1.1284408374851522,-2.6408738116287602,0.1504713576018175,0.5956241247411397
1.4079020374482187,0.5597897832526064,1.9434309224543074,0.9796874909211293,-2.1353154184392453,-0.6366367712544516,0.10151745271777318,1.2466002383124255,0.5912671558045764,1.0810951632281547,0.7918196548275107,2.6085008261975235,0.5173930048810618,-0.5554703408322489,1.2698308882209117,-1.2728459468421074,0.10479708451581006
0.5634788312017885,-0.8228101926512472,-1.5374662433226172,-0.8718016941681448,1.5068288802526897,-0.01532397351369663,0.7594938868604731,0.2876143568923863,0.6980872902342032,0.2524222083519039,-0.49175469398519656,-0.8429308898819803,0.8931462211245688,-0.18599427066936677,0.17099855768450778,-0.41343314819498067,-0.40197399042534065
-0.6364689841810729,0.42480325729347596,-1.149939993279977,-2.6341460758061417,-0.6032258217906942,-0.8867596957216776,-0.14365119113492328,-0.3309750108621682,0.01520748837894976,-0.5349963698900422,-0.29358161685290624,0.6882834893314314,1.4417589904980497,0.015373023321003258,-0.7783895362028703,0.7723990583380643,-0.8412156332342097
1.9685050384295626,-0.14860788887748638,0.8111673231740144,0.15554631184041703,-1.7399828684881324,1.1201748191172423,0.09545965846991251,1.3879056571413155,0.65173163186475,1.6231716105863065,-0.3163060452738842,1.516903230255274,1.0028280178057754,0.5482469835630367,1.0236012179810234,-0.23869287902177738,-1.0602699358884569
0.8187598052772845,1.9077355573054762,-0.6582668599534803,2.2185353991083274,-1.2245755758473655,0.961034854384632,0.7894012609984472,0.27251069495239894,-0.33202711661165685,1.1090713328118256,1.5853321950202142,-0.5292906997562529,-0.9779487376256283,0.11167406918529708,-0.6377942340902029,-1.2095850638769605,0.5029834558824561
0.61577256801626,0.5922755831762951,1.2002133798436756,-1.878383611041947,-0.6817373069908116,1.3284869625884386,-2.4856727410456094,1.0213476631044214,0.2090404103403856,-0.12266184917301268,0.35763780740043766,0.6951407061785776,-0.9464379027176028,2.5080097793863207,-0.6486339164206768,0.2486265351086787,-1.4811485667141917
-0.11626579552106688,0.048654444806515706,0.4145910836977621,-0.8903212998020471,-0.5740851156783355,1.1984587778191695,1.938660247955358,-0.43882057486941045,-0.6724983507583076,-0.5337323831176118,-0.0221375441295418,-0.059109375016861275,-0.09694019334480233,-0.22961252059619638,0.39122333097526485,0.7668459391620045,0.20053924681440674
-0.616306864698731,-0.9163074593860693,-1.2786271724787268,0.016943172041089978,-1.82094050736642,1.7510278429931128,-0.1825422394198933,1.1591127018918759,1.095707675384863,1.306970149433843,0.5627400941031504,0.742055616677765,-0.4822011295365467,0.17122795048630762,1.8044669393381263,0.9979983513368027,0.1178125753552111
-1.3435852030907156,1.2887321522886557,0.9676273102056321,0.880977216379927,-0.5572946767212333,-0.7767830179238493,1.8094264050462077,-0.7413561374954865,1.4462118967510236,-0.2706458779508824,-1.7918586972143957,-1.258502673046542,-1.1873951713631605,0.07615745884879668,1.6480606438682606,1.3477689370336357,0.6811382402835243
1.3707809658184693,0.6656230271420759,-0.9866746293931343,-1.4487263116742437,-0.8479574770744186,1.5170581888665433,0.5916458484707843,-0.17648185653280335,1.3529226441856614,-0.45944119367659647,0.9192723379262007,-1.3087294693259661,-0.47246855464196885,-1.1632359945611246,0.39257316035029116,-0.41570407586489216,1.2040659655208623
-0.0993521495945072,-0.8945278289923335,-0.22387443778683183,-0.3128761308385883,-0.2727964334090577,0.18727072600341155,1.5269370516845635,0.11220797571599017,-0.5025769623553088,0.7789224086775531,0.07479470404791645,0.008381912208640986,-0.5061514853660842,-0.9758714101880731,0.494565883865764,-0.07168901939259947,1.072750552079127
-0.8535593945805812,1.6256312139401334,0.11334765764199767,0.6625265565111546,-0.25507054300551185,-0.20473383180247,0.07276882275247112,-0.5580802340069267,-1.1066680387692316,0.4711551021008589,-1.4391698416049383,-0.1056199492027862,-0.7086677513132236,-0.10478637134140736,0.8214948706708537,-0.9749572464398084,0.4946164389500086
-0.5132189544053716,1.3538782766083997,-0.02104703763248879,-0.3783308297506804,-0.3823022374507632,0.15850042926424057,0.4592558889251531,-0.9580849089481855,1.1886354198847453,-0.76187665466389,-0.7288296627086182,-0.0025790297880710455,-0.3432604043293452,0.31277301763412146,-1.2133921965111791,-0.06993674303026459,-0.08821765983726049
0.22543998073023655,0.7597042935723969,0.4796809078227648,-0.9627259116640914,-0.4137657696458078,-0.42401481181218736,0.0019538203111246944,-0.2495909095891161,0.5543846217822759,0.1294402210774843,0.15928291713230708,0.09067696434783339,1.1902145020293826,-1.2584754702315168,0.6751222244597838,1.9807143951804616,0.3240660909652502
-0.9522830823713073,-0.6147111187866925,0.3843001043443922,-0.9370863418593318,-1.3321961889313108,-0.5827663719419313,-0.44464429058900273,-0.430837796714894,0.28290301685136504,-1.1146658030867524,0.5839173215971932,-0.36354491384204907,0.1852903047369169,2.627024669996916,-0.6939524833745844,0.8350276843467193,-2.3093708494440572
1.1292138586740166,-0.45926026953999827,2.130804363634415,-0.27251360633590777,-1.928054330968216,-0.7329601540936739,-1.1757421023052559,-0.01740263018819554,-0.4860711961016429,-0.5406352440651275,-0.5481184134919456,2.2923128428737596,2.517532695554764,0.413279329737477,0.3516133897250432,1.5937265064546091,-1.6228344096934668
0.7493754411849262,0.008803288785714522,2.304132191966095,-0.08728268817828949,-0.8140406103166249,-1.4329523052427509,0.4470689682352034,0.28742044462597544,0.611609010488445,0.5397474733986358,-0.009572341964284773,1.641330552560487,0.15580608390409137,-0.15967745861359267,-0.19070892674651596,-1.294096918699277,-0.01017722452906059
0.6237299742988333,-0.9063513665555033,0.01988207237786591,1.0945887091744684,0.7585986636517094,-0.009281731841610068,-1.7335776893791732,1.0086715191649602,-1.1618153383576006,0.4590285634629942,-0.596020969715857,-0.001046785461434328,-0.31686125941172105,0.3539304114326374,0.5331308906059858,-1.1408450577399754,-0.1388372684805012
-0.16198355692668637,1.5513585868703743,-1.3712186325662277,0.34950739311848716,2.1860889538040884,1.2504092270508627,0.29592065806539974,0.8592815029294503,0.4491111213886363,-0.39595432862416957,-0.2740172649172488,0.19987339644428456,-0.01493776935707305,-0.5953279974633335,0.15256865080914897,0.7238161551873873,0.449531740151965
0.35582228854591613,-0.467560032915982,0.6043961211335419,0.4877781819910866,1.5126270108864386,0.34667236333680806,0.02440436207957982,0.8875865294162203,1.3994890323871463,0.10404991600533386,-0.1869328718941312,0.19311205854152005,0.24404757010757028,0.02684342388242075,-3.017385902407364,0.9240418981001913,-0.21505685222526755
0.23848587546965608,-0.36797511044483977,1.887219402911531,2.005241501307925,0.05708824883754112,0.05471689262526071,-0.2606063898838381,-1.4387510353399033,1.769279782145622,-1.2541582628427033,-0.10632383510951543,0.41827494692319966,0.4275033381647201,0.19910151146173352,0.2129534530006728,1.1590862688436498,-0.4621969028065609
0.41866753575759963,0.7490899939151612,-0.514535139424765,-0.26764936478236273,0.12847808070342107,-0.18846697081638808,-1.1860327238070685,0.774409864014051,0.6466138767441253,0.7767291327814156,0.3052522126894796,-0.21931411372252843,2.112060784044866,1.4697037706079337,0.6731400827437278,2.010867799792394,-2.328785980504726
-1.4202353419778608,-0.2877527956358174,-0.12439074756851702,-0.2907051366177094,-0.4522137138096482,-0.09371440159000514,0.6343941188994291,-0.782454064160074,-1.5267750241743387,-2.1159081422697104,0.40272476845027777,0.15632848488071796,-0.88669538486299,-0.30956501271678,0.47821779860532115,-0.41516040704125606,0.7842241282744745
-0.20541382274884076,-0.2732823404228289,-0.22046876930912584,1.4271627690160664,0.8155776527924835,-0.8436547356335513,0.31489861816200343,0.5209775785954449,0.10975815503249052,-0.5267725520426483,0.041225512790246915,0.030460526695375377,0.8624230338413813,-1.0710158394507303,-0.06665607050962748,-0.7485590721597857,0.3388621061853561
-1.7925395417475734,-0.4263318504255814,-1.6835689096804067,-0.7577387511554778,0.7850475688882812,0.9605180442210642,1.563043103329708,-0.4753942037452164,1.9062498032420978,-1.7119567800292352,0.7672995299149604,2.87839202306176,0.19402637701115577,-0.8144189165104031,1.6665118809418924,-0.48880813385270283,0.5032265641668846
0.000930212771269447,-0.07081979697920147,0.4396415493655007,0.6075676789449957,1.076348303964898,-0.8834164203479078,-0.5415812920501856,0.07353822126275478,-0.9052477308605489,0.32643575181654233,-0.016404499773663934,-0.01253602198946989,-1.631529542814496,-0.3776175015552985,0.3445556066932426,2.151834834788965,1.3824448158469012
-0.4431926647680764,-0.5754520031702203,-0.41468609895025127,0.6869646303399743,1.3153493508727343,0.5967140992731376,0.7485581544335913,-0.12277715600178815,-0.17265033710336483,-1.5375138153942816,0.2451799703586234,0.1631515615774399,0.7717560055116968,-1.0319662140939025,0.47001753825221565,1.1950513136690106,0.35522068460132994
-1.0906454216389023,1.4081170285507334,0.7996722774428464,-1.3942419038582783,-0.12435262894585612,0.734609146272904,-0.028913106504555204,0.027532794322142257,1.3413842349220728,0.2418428204698498,-1.5911189824208656,-0.8485156872545601,1.281728638359258,-0.8710799543251109,1.0728087478396566,1.8418323894446158,-0.03830127654043077
-1.3018122092286988,-0.43129626448300873,0.9659936202263015,-0.11687179387653575,0.7920366376474691,0.19700350880023682,0.5461697964090876,1.2817676415675523,0.6123705395521291,2.1238085348989024,0.5593974228107934,-1.2177393101042788,-0.8988626274391219,-0.8094758016815943,0.3954355369579228,-1.6561598066037402,1.2019816416718914
0.24799191631119158,0.36417411571172553,0.9233376400202092,-0.9179274241131203,0.9291824562920122,1.1294747590376384,0.398817146437742,0.24731058193792507,2.55641124887795,1.7691652797498842,0.07627024446796264,0.2064509183040879,-0.028347616208427264,-0.43194579344572076,-0.8568086895350567,1.3637463928251732,0.3239646207531341
-0.9774438308326946,-0.9165835673971183,-0.24206058112880083,-0.9762682184828549,-0.47008351151279576,-0.5751658537304389,1.6859760906462389,0.39105186895388067,-0.8417069282895941,-1.3079748704045588,0.9023382615235676,0.2137517354400202,-1.7898364067941577,0.3964189636667452,-2.3869054278711324,-1.234893084891716,0.8707096853022906
1.5210285719155838,0.9883804933777879,-0.5051819050769216,-0.1285387230920815,1.5175016547960412,1.2190250817519843,1.2577977705083159,0.5045113052437229,-0.9781464657460337,0.36067982640737517,1.5252203020972572,-0.7491038350831594,-1.31103836472801,-0.4684979030970526,-0.43870528147731147,0.5482156430166635,1.2170293391451719
0.23036080217733684,-0.5783006797197654,0.6704254473996283,-0.6180640329525402,-1.3040507357229307,0.6362574027713114,-0.9293238200738922,1.1541773118612686,1.2432891201125091,0.025922224786916553,-0.15294000115588488,0.13503599807397032,1.0563687316665638,0.4839891037374621,0.7911442438624801,0.20374847617623446,-1.0351276634264845
-0.3946153390621347,-0.0008178519097995421,0.8492526826552257,0.8297444661351743,2.2619310991868504,0.8691480502957615,0.9649512826116317,-1.3046745734375547,-1.2183932274330387,-1.6627777696057657,-0.016006010168955673,-0.3340034962589956,-0.49784246822172795,-0.1587928260649531,-0.3155038474944498,-1.2014928121813744,0.39828641407921295
0.25677603699262036,0.7622135220277948,-0.04584677913035748,1.329361515218011,0.8027047128376066,0.4432255963382322,1.5749966958095691,0.8355245693977522,-0.24267905854217658,0.3304751575137548,0.1843546822148569,-0.02420655391628565,-1.1570962082287997,-0.8543073702831074,0.8311100695515126,0.5561062971481137,1.4211593659371613
-2.0711386479293927,-0.14953170646284314,1.2421225510937082,0.8540763448494126,-1.310499104099443,1.0561997835518804,0.12171252711502863,-0.45091145695112256,-0.09984024686939222,0.8338748382073287,0.30123386609975134,-2.477662177337166,0.21630618158209616,0.21873132243389495,0.18299010908657798,-0.487772172893371,-0.3558505469660239
1.8279063059040324,-0.9063757274587808,-1.1230777735750663,-0.6916800234460213,0.4596392841362621,2.2464664746252714,-0.6932910201495586,0.8149934226325195,0.9007283535603692,0.8731548220372328,-1.715207616740959,-1.9797281101474637,-0.55530868995288,0.04046405273669612,1.3147663506374256,-0.7796807385037259,0.27303582469344706
-0.029681712414908502,-0.3095692620445463,1.171706834861007,-0.6658410299306127,-1.8036030301326318,-0.2109680467294181,-0.5570624373041562,-0.4965616141923732,0.6643045361959143,-0.6486440075224859,-0.006914909092156835,-0.04624778935243295,-0.5023632869482721,0.5194338708228794,-0.2580083635166833,-0.6774812036944864,-0.1540590301227237
0.8328414322063159,1.0323707794244377,-1.365970209881178,-0.7283913635251859,0.8030252039378221,0.9256506245465683,-0.4715477148009125,-1.3137950658186945,0.35693128655057565,-0.26251505474016745,0.8653129188024363,-1.1028614501642613,0.7395594882990069,0.8039422371872557,0.4997603462065611,-0.9470594906887255,-1.1306273850244697
-1.4318875159116808,-0.5873886081706232,-1.0808244235231435,-1.194409461360304,0.9032187355235789,0.6843286652268694,-0.09178273789290138,1.6074768723187391,-0.6026709922024056,-1.0606296671478492,0.846110303485626,1.4697969599465683,-1.211416395993131,1.5309518818935903,0.5377765890660381,0.4035977026541841,-0.4926508791407437
-0.01827200281788054,-1.117563123998945,0.06527508217910967,1.5758325524203622,0.31337924300015324,-0.12410766960088433,-0.5662474036868024,-0.4492092877893655,1.171612555179508,-0.7187237770929246,0.004602071030459785,-0.01407052814624568,-0.9483167396180403,0.4396173502857047,1.5268849407781788,0.4560770691378026,0.2137139519819755
-0.007668376030592035,-0.8626667281874494,-1.5530309275496352,-0.29426473285759924,1.1299170410679162,1.48281881035096,-1.2634507927089944,1.0425782433907853,3.882025341599761,0.11162477106769782,-0.009553592888743362,-0.0015179820222317158,0.13894653163347326,0.0053939191808183885,-1.6600615287439378,-0.14579587989570997,-0.13528436020716011
1.6217107722594395,-0.30045022675202787,-1.6713033364337286,-0.8303631426157466,-1.2830764819446907,-0.28030559039070624,-0.5751423081912419,-0.3191096387146893,0.5421139494649735,-0.23280778047050332,-0.5159618295208973,-2.609648168600399,0.975684609197014,0.525683796079667,-0.4201168475395238,-1.1936177675209447,-1.0277660941806166
0.20546855677158563,-0.5385264149356339,-2.547462306728621,1.0279040202473653,-0.5678488447288539,0.1720006372435049,-0.6524588730906572,-0.7877307281227027,-0.18807841812410792,-0.860870189590021,-0.12979896567833793,-0.5144032348338805,1.2514917563030026,-0.5420141768625201,0.8781336276418611,-0.4707821690927681,-0.2928925172430121
-0.05279262423207417,-0.4386408401090739,-0.1898921475493957,-0.30204643805111425,-0.1775122065420949,-1.292781562112612,0.8828586586584405,-0.257273126815026,-1.4012605298976109,-0.39961485871398894,0.007408503455328693,-0.003323289726086044,-0.7017035500336061,-0.5938469628175772,1.57088556978146,1.2332602421419958,0.8903377581812064
-0.6329528438619966,-0.6338949226259818,0.7554766667508833,-1.922100656002741,-1.7082929527021156,-0.7855865350788811,-0.5589290619322964,-0.9973809250372341,-0.6578192032556452,-0.6586040174977644,0.3950843299061708,-0.47105801979413436,0.9428106930525475,1.8026697168205152,0.27372721073054085,-0.46119675687039485,-2.056246566801406
-0.43827174141497205,0.8904572657084437,-1.8510759306506421,-1.072360957210828,-0.08808450322181398,1.032359092879094,-0.07461338772529048,-0.5776465953792821,-0.4766757270319509,-0.5274231895064471,-0.4165162957236731,0.7643283758242775,-0.8239108457676529,-0.6135034611506249,-0.25551249627051414,0.33815293469747715,0.989736977008588
0.07080686369003948,0.37423703986342965,0.3830996222497481,0.34111126175180007,-0.6012137728230644,-0.274534093293392,-0.33416718170715193,-0.6648287721208631,-0.5645123350390508,0.05021724604882353,0.010834966778709008,0.013060807751759383,1.8549813241080053,-0.7957254724720318,0.7873424870520535,-0.30151906323439254,-0.3650728541642715
-0.14389594128639005,2.57370902168582,0.930657263905799,0.7829313753869036,-0.2346917033110983,-0.2812340180106442,0.18272052837493655,-0.19906936431295227,-0.0027260558249777743,0.10189048231492186,-0.3960942296981708,-0.14123024348773097,-1.1827198498477476,0.4389151376633318,0.8981862215741584,-1.0948690854811096,0.3807484104726703
-2.0946710860071884,1.2884449895429002,-1.0202171271237985,-0.8795785961626769,-0.1486548108853694,-0.7175056624787285,0.45487320968357076,0.5607042977841703,1.454920779281745,0.10609484497725928,-2.7837873061629885,2.0344827557278893,1.3441817769197986,-0.5359871336749886,-0.3220256212995849,-0.30369932107533915,-0.34304583367029223
0.9980155466084344,2.7925793906911713,-1.1099104321845135,1.3887945592505087,1.2336391711122827,-0.022269527660656128,0.42190732131748104,-0.2862562748970521,1.276560437967334,0.16264903037915995,2.8415230891592125,-1.0741876912091328,-0.692902764876311,0.7884194301760897,0.36336412578336125,-0.9726925746602498,-0.24737317355280117
1.3326087228816408,-0.64410379911652,1.0867605788782184,1.0465300169697809,-0.5851595025119644,0.8951656833888774,-2.880535538723492,0.2583266805016076,-0.10311118801616247,0.8839402928254808,-0.8964868257946047,1.3745722734214294,2.0469295030607895,1.386575675671609,1.2079412653190127,-0.20632162528206388,-2.233737241781227
-1.1104783222263992,1.810827446558359,0.9306467826030199,1.0352268437451186,1.3060330419638968,1.2897167897111526,0.7681487651982791,1.0009003828479452,-1.3273754906992712,0.07251966890568697,-2.078320866868772,-1.003056108156228,0.5876679865470031,-0.7187843080740962,1.913161262041166,0.6115929472195826,0.19930466833616708
0.15856354447989746,-0.7960338802142599,0.07862348630991098,-0.8199560130592894,-0.146368148093225,-1.5174658062098785,0.7735180042720038,-0.09386358513257888,1.3009441304402594,0.028223895929346078,-0.14576637212805102,-0.0009837693051715115,-1.061873450284777,0.5980497396011542,0.7729254014195067,0.672991198175642,0.16398939585496794
-1.2722978486608931,-0.834921557096456,0.9155483250414143,-1.7501654568082392,-0.41409772197501366,0.1968747900677488,0.7512935598272191,-0.733937445204429,-0.04943538429407858,0.6013030068922802,1.0729256399499847,-1.128933918497218,-0.5551301705745428,-0.6292357570846784,0.0790949766862414,0.9531364918549968,0.8212514515838752
0.48258706991974126,-0.9892781194666919,-1.3856968014976727,1.1204198567925234,0.05267639742669789,-0.08615866641985621,-0.36663955957541494,0.6519142706435613,-1.9427626770249458,-0.8351369924923414,-0.5058814819752618,-0.6536066925354038,0.7825136677389543,-0.360185083345474,-0.01846726066563297,-1.2744629031093075,-0.200592248582845
-0.5882459628175191,0.49093038164857267,-0.30162605370013307,-0.5682167374738137,-0.16807522935375493,0.30314175072422384,-0.17714280665307447,-0.11745573024490401,0.5983767997600083,1.3712701890543117,-0.31246325166127575,0.15706253046964622,1.0611047444494661,0.16524945966982255,0.5889462059522717,-0.6537570579188252,-0.7765683940467917
0.44580325091283846,-0.36473366457356954,0.6354156379142152,0.28479690715066375,-0.6260680344355445,-0.13888893356423815,0.4870174607645772,-0.7572264791490982,1.0483581833285187,-1.2963118604585009,-0.1830682733356827,0.2584645321748998,-0.09175155522423221,-0.5923646230160815,-0.07965611057550004,-1.6136409248642365,0.4943411004097197
0.6472313360084213,-0.4529786167160059,-0.7000275404466263,0.7047769526273744,0.05310865562003039,-0.2688647002716201,0.15055318589628225,1.6215067237703475,-2.5737006394920674,0.2902033230147917,-0.31696905295023825,-0.44700921592754594,0.0266517125084103,0.06377207028158755,0.2236309018694522,1.0481277562645392,-0.11546663675740684
0.78368650844925,1.1016583961495785,0.6817229938532404,-1.2274992732704424,-1.0136129613330374,-0.07404571588280849,0.010066555815764305,0.14007643495014938,-0.7622698833930942,-0.6717151251827165,0.8689568856689373,0.49892700120869554,0.7590860912276808,-0.2916117425149335,-1.0156062383483027,-0.5862637552011928,-0.24414798997703024
-1.2769912385952555,-0.17297136775197428,-0.012148462495360543,0.7757166209213201,-0.34611055915988503,0.21603284127406056,-0.9886056579245925,0.1766531125831248,-0.22569679170986828,1.7828572653286179,0.21015890620669903,0.0019351406770521662,0.116079914945666,0.8226620995339384,1.3236978038097222,-0.13085415231412953,-0.790771012441392
1.4566451231283255,1.9965169699978882,0.6750701434400779,1.5344665409107354,0.21681923693739977,0.0022986703387813615,0.46980170518525116,-0.20535027647321172,0.9379351295085808,-0.35182857206455936,2.96578147327625,0.9291768372503659,-1.3466478472600225,0.8266312519216522,-1.0973684292944863,-0.23889996934538307,0.18277901949464712
-0.754269417768169,-1.0180715887660576,-0.11529623638067542,0.6030579280764161,-0.17955059902724788,-0.07335265188870815,1.683609442717364,0.7105270496368269,-0.6053213416759629,-0.08027382240884465,0.7710766989793537,0.07039003018000267,-0.8534996175177686,-0.5890446279836812,-0.39399486033805226,0.4431060823463624,0.9900916704803403
-1.8440092718224186,-0.7530104999144298,-0.3742068679488427,-0.188667773521507,0.9949320183548667,0.9406785929565626,0.27168614138675073,-0.5666382728921775,-0.973192032395961,-0.7246219725781131,1.407506538055033,0.6481785511429297,0.22211436497454964,0.19114396645510598,0.1321945704885834,-0.38476122605687585,-0.33668546533349214
0.16072078868420167,-1.0660894553309337,-0.8278836525547763,1.1645615773122844,-0.6281472503213517,0.68776548375049,-2.2560852231617186,-0.8496597490255953,0.5965720355957056,-0.41342545981276896,-0.19203373669134122,-0.14040660224930177,1.2282184135107461,1.061745564755366,2.0130219567905243,0.8709405872568078,-1.5945310375372228
-0.32738213960260465,-0.30751762222527956,-0.8661510964647914,0.039499227582556994,1.8700485842026984,-0.4274937584751672,-0.1705693435984296,-0.5874783859686337,-0.6282792577211471,-0.7210372914849951,0.08689713632585745,0.25874432848630224,1.6392344306524596,-0.8790593574030364,-0.3846286624219076,0.0588647754793111,-0.20070674820439385
1.0123468965904503,1.4803660062539463,0.679016872035745,0.655085510903863,0.852271318010938,0.8758253032660747,-0.29642638845983194,1.6826360621286245,0.6633140546158398,0.9273564468659802,1.5203895501545923,0.6456489527755827,0.7808185120491526,-0.2969768667022277,-0.6263465199087216,-0.4093667255835207,-0.25143631418237183
0.9268465567207307,-1.0302048472786356,-1.2420819681971926,0.921406110566557,1.8453899181816416,1.087857554529421,-1.2463501764929028,1.08380262261159,-1.3044419724352265,-2.429006969319666,-0.9954425836724405,-1.115874710106866,0.2756550425466845,0.1411731791455859,-0.5119121849301869,-1.0260671855050225,-0.32717276615559726
-0.4801840818239838,-0.6678350434501918,-1.4272302151923884,0.669910492152145,1.0511809189444359,-1.0625066518283426,0.03795661665731752,-0.36389084988942183,-1.5765572751958492,-0.4434353127936796,0.3124958162275541,0.643668249241157,0.7492964732682652,-0.8994757158971408,1.6831362852215745,-0.14162842764302438,0.2588325948963008
1.7646508736954654,1.6681496468882513,-0.9869318910439424,-0.6229268304351968,-1.0567097149523732,0.21786003826932684,-0.7598321363548465,0.5737077065378196,0.8232642155078139,0.2948720547004859,3.002168219908893,-1.6814903205422742,-0.7034370317018624,-0.5079377334262316,-2.7584327496155336,1.3549811506554017,0.8211692209125411
-0.558506171037276,-1.0145253600010968,-0.9906770729765485,-1.281178497028466,0.11459057569663054,-0.5926749447590862,-0.7964853132958318,0.6251871562828175,0.09705592501268438,1.0542980329854206,0.5646802716791809,0.5171706787484132,-0.17643354643194875,2.242033580966997,-0.9608339321195585,-0.7035496035245399,-1.7736775351884346
0.05609131951383061,1.3797303756186567,0.9305810230646228,-0.7831696077153418,-0.9373613596705657,0.6670384060305454,0.8426298579259124,-0.18772956255764114,0.9711912051146475,1.105253279086873,0.06302055629750347,0.03708095610079661,-0.8649492578524719,-0.6154626717398677,2.748410489118242,0.328848062457053,1.0196308228825761
-0.6683060639783657,0.4754667818738697,-0.2907572288948167,-0.025369274699192167,0.9731946110661741,-0.741400361873343,-0.04476824569923563,-0.17499864037471036,-0.6699732687800267,-0.3346218713701061,-0.342168924766068,0.17323904605862267,-1.3007102672390467,-0.5420097893901631,0.6222094827820538,-1.6124431092154663,1.2696511637177434
1.6066749588427238,-0.35239460363487457,2.0988223009206615,-0.01903402173391598,0.2650409700343571,0.46277316419032255,-0.5713269527764576,1.741146182339265,-0.6325633749998204,1.7269376583531264,-0.5969080230552752,3.2177986534290124,0.32312790536226776,0.4245464876718795,-1.063395631423649,0.11401559193970297,-0.5868097016495506
-1.002374561778071,-0.7817420812640972,-1.1535677513565261,0.18630801701040203,-0.6067729767235278,-0.6876549023863203,0.6384838002506955,-1.146619403825877,1.1976398337608192,-1.4878069586512463,0.7871737208209815,1.0948932860388547,0.17120519694621864,-0.9545261269969493,-0.006390752680990479,-0.7905483925819432,0.6314700295971849
-1.7550318561719243,0.09927976846811847,0.3866881297083806,-0.3132398079239164,1.5199419230978994,0.028931116355794144,0.5669176004518756,-0.1148425264093315,-1.6605323020444653,0.42303220588067264,-0.19500375685717922,-0.6631209118610426,0.6865291445407808,-0.2782675331504475,0.10225590270861651,2.0768273201094747,-0.21575286254150738
-0.1540083375261994,-1.0093586456821395,-0.15716171199227377,0.7969498254645797,-1.1875563129334674,1.6491927744177692,-0.03759248658841438,0.5087195032111782,1.1884531577115647,-0.08403002646941386,0.1430628841880053,0.01026145775914358,0.5412720294351289,-0.7905033765352115,0.8757586360146463,-1.4867708025006359,0.28386099180135704
2.550864002929846,0.6498258160409269,-0.30585549039430915,1.3625190070445805,0.21178060418509453,-0.31609697648664986,-1.3064125084998275,-1.1204970636491656,1.4373179189755825,-1.4305431813457976,1.6834026277295826,-0.760408705342748,0.2298362609491321,0.06172992379264866,1.862542467194803,1.0930971600993276,-0.23527002205271472
1.3070439157559752,-0.7747030996261961,1.1525419767545226,-0.7548988332427227,0.6472564815804479,1.1899543001888195,-0.2757325703046354,0.8449096490931663,0.9295734555548262,0.5088132311448302,-1.0546387169905718,1.4303283561511189,0.5520526917858897,-1.3667002797918704,0.42122193379690326,-1.5922487505837115,0.7496159131246526
0.716546713246099,1.418319934317228,1.8735965795063196,0.6287214407533394,-1.553755046770668,2.1165428739943333,-0.49852596403505506,0.4813804767857888,-0.5114543209115525,1.4957929703673798,1.0257809035628096,1.2732975919023923,-0.06298300483915864,-0.08303347211747675,-0.5009567662369853,0.5278240873091774,0.05955733308804847
1.3020894964144294,-1.117563123998945,1.1420021188273572,0.45135482940889066,0.301268070042761,1.1856410981025234,-0.6113740813679892,2.089793100324606,-0.7939403197238043,1.304821348445535,-1.5084819174172248,1.411709241722232,0.40455359791670686,0.17226344028292528,0.8171096791396729,0.5972468273931355,-0.42712308910373864
1.3170398332047741,0.1527774701724422,-0.9252054354539304,0.02796597730159312,0.9644133010980441,-1.0102909407514788,0.42085182897555584,-1.9992429409411452,-0.29001968707467396,-0.025869331173705788,0.18999018539621143,-1.1803651818052654,-0.7643900926677978,-0.4891649509700097,-0.6583694503772463,-0.2371848366322318,0.8471827014454207
0.06605189908793843,-0.7449707782349771,-0.8222787575725998,-0.9639178014987776,-1.4843774151485258,0.9477314941269377,-0.08519477512459944,-0.588224028169049,-1.4543776256418457,-1.1219056680955521,-0.0667940925049605,-0.06496347098636462,0.36023419874858964,-0.4426408794319864,-0.9912303307527622,0.25805720364991674,0.10178276758336403
-0.48373374777136685,-1.117563123998945,0.3937936190536247,0.8267496525068959,0.07782357130089945,-1.86842029750679,-0.16679630444847468,-0.23662552180541735,-1.0097878817793566,0.6377415108664543,0.5380035023305446,-0.1954314856199055,0.6667892933151474,-0.5778500035687808,-1.7129795371949867,-1.4771302236805464,0.040321311486436286
0.7952699277381211,1.440262759173818,-0.6014080246278057,1.7266069564673068,-0.6222879882599469,-0.2833592803173165,0.04614218180855221,0.5793938079654377,0.6281905780433948,-0.205164912297118,1.158166813508295,-0.4711544125802983,-0.706444558341283,-0.2896450660026446,-1.5194917950620757,-0.2523217446713384,0.6444702902731182
0.4521881925201361,1.2960127696211599,0.625783427724712,0.5827218106639259,0.4783343028702179,1.1658818070616859,0.42716295131747706,0.2819080758248957,0.7044085958205907,0.45372891999607584,0.5845968338201523,0.2581785679589522,0.03401389492466213,1.8310065692367712,-0.8552465293900192,-1.4363102747857803,-1.566904380599608
-0.31983045971186935,-0.5210059941544664,0.15082873276229178,1.3917234362779454,-1.1694977231926957,0.5131933856314072,-0.7209681275667024,1.8862955754518587,-1.1252860079555196,1.0921179446669231,0.1545310228313249,-0.05914469015911349,-0.6591557364433127,0.870530599799572,-1.134723889576189,-0.5812823255199286,-0.3373326520257394
-1.355436955068672,-0.45584566671241294,0.10999613242669495,2.0246406306080766,1.5728478807444546,0.0856127434582634,0.31247071870042276,0.7362643956108794,0.5949996630528198,0.9766123458189538,0.6172340269022318,-0.15576894979728453,-0.5595104589820757,-0.29047766184188833,0.34640663778931147,-0.6624481473594062,0.5467858507734149
0.7105991090987961,2.8172901161834965,0.9518255404281218,-0.4331995684735407,1.31123288639584,-0.29816611298840034,2.9250239395575077,-0.831662727852505,0.6122729122925926,-0.09980419659024099,2.0364995032716493,0.6350773945680153,-1.1736460220093845,-0.5076808559132768,-1.1561925109889275,0.7035981588729516,1.1492582055731306
-0.6473580665474787,-0.0356884403718968,0.5516621481962961,0.33824471457662886,-0.87436623481986,0.9194976061203272,-0.5848425418023954,0.4526488334448401,1.4920441104090028,-0.14458554266529877,0.0073533350044844145,-0.355076024251474,1.279831462723131,0.7259097588573901,-3.0875531305058193,-0.6387889389425163,-1.344948838081916
1.6131245900557327,-0.8571266586530265,-1.9549698952187817,-0.1017824353260697,-0.42711414457921876,0.5752176419897567,-1.794473899387333,-0.451588313609818,0.35328065405203746,0.2775142241176912,-1.4341240949313059,-3.0343017998984982,1.0744879153434117,-0.006612863200964918,-1.001734429098781,-1.3089187556338049,-0.6426702386655214
-0.717758107055571,-0.1494440485088238,-1.701277010954717,2.066434386939254,0.2742030238664589,-0.0831816906336778,1.0064424060848136,0.37533671138632885,0.8306838710488734,1.4577378951230087,0.0936534694177094,1.1569745805628202,0.5323661933864776,-0.9109261195107231,-0.433478945512107,-0.4286685054270558,0.3874423588053659
-1.1962347503569497,0.8170251322059485,0.24433523491746648,-1.4185865996295357,0.6382560257185548,1.2752869102743858,-0.9371805796888226,-1.0289045322374344,0.35487794445402854,-0.9545975739764835,-1.0185266846436922,-0.29295425595133834,2.0048011288772485,-0.38771532142055587,-0.5661821654662664,1.6311449061479268,-0.7633238188219174
1.0178163252291128,0.046000853390957164,-0.059063777565759534,-0.2662098406155401,-0.10260345352358556,-0.7712697562851422,-0.5376001947966521,-0.4135162882175795,0.9760367742362558,-1.5772876072451947,0.03167324138705116,-0.07052314504143768,-0.2133939289371692,1.6054524743483314,1.5446887958775266,-0.650263943191129,-1.2292399919347745
-1.0512050118762262,-0.7337350490278325,-0.6912841736798366,1.159019569032184,-0.9942621108529,-0.9917924478215211,-1.2559873209097916,0.6097291930616324,-1.4523837532777035,0.5118956992910898,0.7745689387470907,0.6832826106867523,3.09218884236947,0.37378412663803784,-0.5742215241118721,0.10593925501514269,-1.7893835822985098
-0.9422807769161647,2.5253370290125603,-0.23675451891390975,-0.6347234752543431,-1.247217617555898,0.3817865879203862,0.280407811982924,0.7821552860732915,-0.33223734779706343,0.10374772390720569,-2.4563817392553897,0.2008069004984867,-0.25268287105776666,-0.49976465189389147,0.9103259015965216,1.6480171054449069,0.5192846362833032
0.27959590092250564,-0.6201897979846838,0.699861345195499,0.8001396569510257,2.413196049861973,1.889809980333756,1.541533622931223,-1.6995256625018902,-0.03646675231514861,-0.950118843957352,-0.19414586590857238,0.17454541453032332,0.24271484511719466,-1.0942671229669465,0.01639241035290619,2.490351023189047,0.7036634030084613
1.2158941442816582,-0.6722603062430376,0.9442223867349251,-0.34712474649956404,-0.0694903760271756,-0.7133078456384414,0.22961551601195077,1.8184969437126293,-0.20598526439442136,1.4866945233513114,-0.8545054890738485,1.0870059898910245,-0.4274016187990001,0.05637785918328075,-0.006774929407305666,1.3462710515720875,0.17608146478235492
-0.8757179966237977,-1.0261379596122842,0.13712264543405264,1.9592703829660962,1.2008047334716767,-0.705394343606323,0.7410105552970637,-0.12675605488243208,0.3916556478594867,-0.37783598410291813,0.9051053595407578,-0.1279734184120637,0.3629226174391106,-0.15368399118105666,-0.7945869425195081,1.9177885325721649,-0.13635635687439263
-0.5002564045227464,0.015494666730011212,-0.32634371224045616,1.198592635402234,0.0006168056780192412,-1.124825318207976,0.19416973114889483,-1.7470566270463967,0.5296542663024247,-1.1358163271521295,-0.024285225685988,0.14348212586118422,0.8383766676360443,-0.31682468097908406,-0.02314349324206884,0.22578516169178095,-0.26590823149806153
0.814035349315643,-0.2917637554710151,-0.6580646219757322,-0.581735122756727,1.4718802074067305,1.1187120135088857,-0.9252412130294188,-2.5704957148256655,0.3028666949096143,-1.5006480421123145,-0.2598783073304797,-0.5261534266868068,-0.13608668870642984,0.7423576569041248,-0.7247692483586637,1.9893528004847396,-0.5709809211831381
2.009777115710073,0.7126688679315346,0.03412877869687022,0.7391160539947738,-1.3445459934060822,-0.7834422951918742,-1.02419964640193,-0.9590647596590068,-0.08623830615544703,0.6282627529681786,1.452365452682818,0.052787261384925774,1.8041923685414145,0.38936465586820634,0.20414490743326152,-0.900103260991764,-1.3131587157456952
0.01860312481154971,-0.4580829399787779,-0.524972463420834,-0.4767293064060752,-1.193674832993965,0.008052448123950213,1.3276514964582098,-0.4880073782463115,-0.8586182546086176,-0.37347343895762003,-0.025075272153085075,-0.02228445227131109,0.2262495056883037,-1.0832787919685947,-0.19943264661929985,1.5917465215410838,0.7043458231280203
-1.0935276973526684,-0.5957956666534855,0.14469305603443836,0.2504589023193142,1.5201695458787525,2.1956428530364045,0.2601677376872313,0.11012510795414024,1.0382755224935,-0.8003017288428587,0.6517380944367834,-0.16451902795347678,0.2584084055016379,-0.14843173565299822,-0.903109522982663,-0.9576802737061809,-0.07996544938976788
-2.2800926814081914,-0.525756412796738,0.45221044386993986,0.3953079629517946,1.6541915844967032,-2.1882522525908827,2.756655705928128,-0.15755394821505497,0.2751762248723647,-0.9518204987890005,1.2128988504463074,-1.0007746080411115,-0.9520446002580139,-0.9980901246094156,1.020560277326558,2.047549739988525,1.3934805539505957
-0.7561888727834367,-0.02613894691004875,-1.5637773303571656,0.9572989757887582,-0.451818779298884,0.148209711325905,0.861974679447582,-0.9361469445351516,-1.271151296976733,-0.6723780532073582,0.003931312806430919,1.1199985547913915,0.4103085192118085,-0.5665076959839895,0.45925661424522213,0.017831830074721104,0.1744751577703619
-1.1508115536530295,1.1080199657744352,-2.523790775895283,-2.078303186729757,-0.3371265922059209,0.03193375911163847,1.0471700256095307,-1.8601675213569167,-0.5836118377102485,-2.1961106489070743,-1.3238617030902768,2.7696931722511873,-0.15672557052322444,-1.0268128819203577,-0.40983996927433236,-0.7977720049084165,0.8904449519793785
0.4983102504734844,-0.5582351898304982,-0.8522280795880127,-0.8463830004701594,-0.07704662125452486,0.9012436728598443,0.9324071587489344,-0.6768271827788924,-1.9008608400808054,-1.8503810665479443,-0.30158005058845383,-0.4197945441510223,-0.6433895725306201,-1.013434776050644,0.17977645137490256,-1.2146777756517029,1.1946302321113413
-1.201002503416985,-0.6128403555062633,1.2499167140074912,0.5522827299153914,-0.17225874105118963,-0.388232075353419,0.5893744057279885,0.08562081197487462,0.057696764707350835,0.6733946317607448,0.7383891862398424,-1.4511351225123459,-0.8160416232341849,0.1878081207026823,-0.048017176465519396,-0.6884943391075867,0.32823612097139054
0.03323503486950951,-0.7902743112474584,0.36645909481123884,0.13514007679994106,-0.858865793470204,-0.2373050361140535,-1.9335231524425203,0.8565885003536351,-0.23453128994929145,1.0090544723936268,-0.04326916644136919,-0.0012592502444447368,2.7227372397366825,0.07647252656346937,-0.8265838126160384,0.7275536237386223,-1.4216514127116624
0.5471968597229528,-0.8997766775701762,-1.0041995334581808,-0.044545522627398304,1.3307498916036768,-1.0017839692980341,0.032122398410359056,-0.7843439230675777,-0.7356436863717369,-0.881767404316898,-0.5212033254271331,-0.5393814447238486,-0.2895745954225942,-0.21753085212926454,0.10527737849946706,-0.42086851432019773,0.3116403279576061
0.23050909415676663,0.23232963289766842,1.2277331892499919,-1.7059672386785174,-0.6391037601675781,0.6722729506620789,1.1955706394387207,0.8913876687902397,1.6712916872809398,0.9847453311068769,0.03857802679771151,0.25820902325467643,-1.5144209507768176,-0.6246815047207918,-0.5816411474501332,-1.1833153460345134,1.4959813357200304
-0.863182289914998,2.315639386998558,-0.10148437232061117,-0.4439474283046562,0.60007634352079,0.8189250166452171,0.8518557412402826,-0.888751438795712,-1.352844521313639,-0.4673783202706347,-2.065948544721965,0.07099848771037867,-0.7357339713691458,-1.053556757624032,-0.9034133951724035,0.3646947315716143,1.289793270831802
0.9111544949811832,0.03141001700624345,-0.08544066349801703,1.1096403964300645,-1.4872119153199557,-1.1379301318326696,0.3516391597515217,-0.944915374855424,0.6902027824462014,0.01624664681580691,0.01300968697303159,-0.08751311500641612,-0.07210103658332552,-0.5633250141192354,-1.5767481879305445,2.0961557101255504,0.458427504501819
0.6112013397476357,-0.03957977269675442,1.5008575626039427,-1.9790276494853298,-1.7491287579416572,-0.28293753592342213,-0.4578833005656837,0.09282026546105435,2.3201093897347778,0.886764724220644,-0.04114288967516235,0.8659333277586885,0.5418418092028124,0.08126776430099168,-0.32097829360388375,-0.839516527922276,-0.4302424029660269
0.685318974024736,2.4255633091780973,-1.615145977208399,-0.30958749550731385,0.4526935019268931,1.2775366014816492,0.04988049683027652,0.3377355394093472,0.99726881652985,-1.933260797735395,1.6881885056845192,-1.0734042953230785,0.5501847559467933,0.05674611930912143,0.5984567661408714,0.4753421695104769,-0.4148247378344089
-1.1545571800033287,0.25089874087606046,-0.8419575586339278,1.5867870142508878,-0.38227934360304566,-2.4522812511600818,-0.5840199799945135,-0.12646087197049874,-0.2328502836813516,-0.3657542101388316,-0.3133749732999463,0.9183990591012382,0.6752013865823162,1.5639433311170605,-0.6547999554950688,-1.3066601828022337,-1.7179265021286652
-1.1911321521539047,0.1731870604844241,0.20211871292287856,-1.746803374379955,0.4574966926241024,-0.5518872060309725,-0.1286868500846498,-0.6045655298526356,-1.2574173883403936,-0.016949513167846014,-0.22786769818030994,-0.2435828845133766,-0.6809717037147676,1.2848830363444834,2.5392280671419907,-0.05002568282912558,-0.6619133319448058
1.539300559202138,-0.9713565420293748,-0.9132854488509617,0.6710577716395373,-1.3059745502113995,0.14439155157596995,-1.36165528803469,1.100790547560683,-1.5228468813413036,0.03451199572572367,-1.5495419134685708,-1.3598002619092038,0.33020028694401704,-0.18180100192480103,0.915056485947149,-0.0830983743188209,-0.09444348447590117
-0.2544909017475414,0.4902537226017607,0.46047994889796906,-0.7189451109904577,1.6739573960160745,-0.4482979359414466,2.019458430975756,1.790329465755102,-0.45284198147692384,0.9926611154927621,-0.14427251019217308,-0.12520190780318316,-0.918241504095928,-0.5704495139208383,1.3309224703494982,-0.4684045090242619,1.0197484036389122
-0.5281851106360204,-0.9009000588378042,-0.8457930658430113,1.1166266759436194,0.73250151840342,-0.6337906466434413,0.7550770136679685,0.05307431046838897,-0.8457526494287404,0.4497256415778039,0.47159683674234365,0.4150751255988422,-0.6550922437390357,-0.7768766579596401,0.8252141016373515,-1.7133827432172086,1.0087945720191211
-0.013228090301994367,0.3585730983211663,-1.348281936874064,0.6592688518943052,1.218490617334829,-0.10520624307618051,1.0379844397230251,0.6855161736386368,-0.9131934018409552,0.20786629746704335,-0.02120071764871667,0.004159502398461204,-0.960984614080125,-1.1056805383782022,1.8758167508226122,0.5334459348318268,1.487829974021768
0.45562592530868873,-1.117563123998945,-0.8711666178428118,1.2096592951633252,-1.0826315679487386,-0.9475170302409648,0.81065556106935,0.5796957051189529,-0.4776505682120933,1.3565273162156413,-0.5384669048702706,-0.3932101673428088,-1.2387717903828,-0.9549646332763068,-0.7465297183172861,0.2976747463145532,1.5625935997639475
1.7942803238394502,0.3880019400296869,-0.22589876529495262,-0.8615171981261898,-0.4360554795848538,0.07742622659649623,-1.2810793313935953,-0.36236427081182837,-0.07482525308278691,0.6550742623341913,0.6975382802175031,-0.4012575711600622,1.0729734821000647,0.08285606083267733,-2.5084930454050496,0.8003436265020757,-0.7151544720821544
-0.5721791318509097,0.27064690109463035,-0.9875377908422821,0.04963322218039558,-0.3008146291107847,0.5665735260836703,0.5433371427668126,-0.23897562167221525,0.310877159519908,-0.2955591254148998,-0.17513062100495003,0.5284272701834498,0.6875135473509676,0.4769167647325192,-0.40791569996301863,-0.5519693979677152,-0.8346160983215953
1.5187297039941785,0.16584386468583617,-1.1652815207685994,0.770266096812238,0.14233945763945738,0.1981384226100686,0.405224652534326,-1.4504013613731614,-1.3441000540420167,-1.178741202318995,0.2419354630155857,-1.708467068355322,0.9831306996341432,-0.4310900379407142,0.5897627686661949,0.48215327213609327,-0.2482386387479307
-2.032879912225087,-0.398413813920636,1.0844489080081854,-0.7583272795556102,-0.5043470819227829,-1.3663364457618805,-1.548851860293852,0.02603131609741978,-0.7197308366111936,-2.1753027468658175,0.8141718408081083,-2.1250416497123696,0.02116614718251556,3.6866886610921235,0.1857603960014675,-0.19517690515850925,-3.078488752236268
0.16163419348200242,-0.9386072242467212,-0.5085142766100775,-0.8092310769843833,-1.5389316158928494,1.047973985627325,0.08677844505462243,-0.6883590912725877,-0.2738784003347097,-0.7047219972160897,-0.1719031518852238,-0.09167462898930417,0.7780253253418161,-0.9508667070974789,0.3088933560933957,1.2405943311335992,0.2854515491784427
0.3742730987648251,-0.25585991134907754,-0.39399534507537487,-2.0340774461223896,-0.29935203006552885,-0.9733463361089856,1.923616011560527,-0.9488674445821391,-0.2844221200514938,-1.6376070430994714,-0.11453185870416643,-0.15420637469411566,-1.8267151057168562,-1.1351110347138695,1.3473923016943714,-0.10961086885048232,2.153454585450893
-1.2874496399896036,-1.117563123998945,-1.6500612983714424,1.7057425010131113,-0.635110195045601,0.7506990775640833,-2.2899017279420573,-0.3673628029696882,1.6476718019515493,-0.043036420333611505,1.4590313030377167,2.022364634720242,0.8665706111358599,3.6291973920125136,0.41477092761010587,1.7658915320184794,-3.51175001892815
-1.1100542268566194,-0.16901718023134518,-0.4034262804924502,0.5465024101480684,-0.2530360473545733,-0.3734527083989643,0.6456436045683868,-0.4723224413712634,0.09344373128238352,-0.16900815747606196,0.17604891979776727,0.41611917467942705,0.16259133115908678,-1.0702813941234697,0.828859660353132,-0.0069003596380645855,0.7313661601829733
-0.19656631382336176,0.3654084384497263,-0.6765970961451966,0.33082165814908343,-0.8329864991276706,0.8121020601813562,0.22245812431772924,0.2950988461447231,-1.771776966641517,0.4688489594109681,-0.08998915885364486,0.11449161445973496,0.6243965734555138,-0.44153091095425023,-0.8980779487282836,-0.571119490798806,-0.048011506220735814
1.9259601761879686,-1.117563123998945,0.26838376134669,0.6525869883190152,-0.6116821158626093,-0.8545005850961256,-0.4997019857759781,0.5533992130383862,0.3818593303583026,1.4503244547521268,-2.2234139545723224,0.48229428638007704,0.3708224775125777,-0.7310995362277917,-1.0528746642592703,0.012130822483499528,0.33187169752022055
0.2705793736756748,-0.9559922960586058,-0.8769275108344443,0.05047950139531707,0.3792845419948419,-0.9276224972312246,0.4664692443809013,-1.8167550458716755,0.4099002333500787,-1.0504206426783336,-0.28158194464255226,-0.24025685356312254,-1.0321516307522782,0.1631988807797403,1.6386502618086478,-0.9145130028267642,0.4989796696221456
1.5819303519863677,0.6552308899381496,1.2179905273535208,-0.09596146097431753,-0.2470152810473196,-0.008073536248442101,0.8289348689451747,-0.23359150845681567,0.037189485571893534,1.7842396179831648,1.046532301834478,1.8330554614864953,-1.5565532778557631,-0.49781430301099483,0.13548088815298842,0.2628672168638624,1.4238879647427436
0.9120478640549873,1.2123735132823479,1.4597184571962056,-0.1665131559972275,-0.3643830502541258,-1.8588497969170492,0.22330790374248002,-0.957246473759736,-1.0710634010147864,-0.2847051181483577,1.1175041395457144,1.2625802847724743,-0.7499298859826977,0.48103823717071753,-0.5838438592735058,-0.5543788563479978,0.042954651464199724
-0.06882692007671184,-0.19452650171628494,-1.3444367735449265,0.34443356679368886,0.13387136331843186,-0.7872351146188042,-1.1712704520442154,0.18369153620695938,1.5986683655578358,-0.9191133482544457,-0.0026080643409196196,0.07572552941884292,0.5605712583190704,0.7724014977376035,-0.5820213459974773,-0.2872949957558009,-1.0065782296273225
0.8400669234799948,-0.73116760974915,-1.3023863490817404,-0.9142829795970254,0.8086101974042949,0.6194613797193598,0.6246292031565261,0.09180527469563993,-1.2562782062847848,-0.6411808419325964,-0.6461750795144964,-1.0611424664963616,0.6890321147015745,-1.108689771649208,-0.6095659424163279,0.677491132418209,0.4628118756291999
-2.1772747227136384,0.34489496290192057,-1.2604354394225687,1.2217830426301342,-0.2721259079550541,1.0186097551230597,1.0167300903819874,-0.19497323065770417,0.36808755581092434,-0.49337715288921435,-0.7863502059343006,2.616312787693603,-1.4230397836022246,-0.7945077639722058,-0.6690047179346706,0.17411276258423813,1.5666716110081256
-1.269117829619632,-1.117563123998945,0.293006520734872,0.8878170017073129,0.2738980934993542,-1.4437067396648224,-0.01824376357775001,-0.7820017495614914,0.16051452841198058,0.08548911771341426,1.438023746572165,-0.3691949416186008,-1.0260394613813322,0.5947734659838091,-1.2393826754830122,0.1485246016901585,0.14129738100114636
1.0108586106161566,0.514381921354031,-1.2267024587462299,-0.4402761533524263,1.8301554844639005,1.2213406022105702,-0.9258837466906757,0.06532687622122799,0.5071601943428259,-0.7870010998058545,0.5168435197685239,-1.2009543876579791,-0.761405001160037,1.0747622956877332,-1.4552132621838743,1.2861681735975035,-0.4353575658929508
0.8838528962967762,2.362059875524764,1.0498893850929838,0.17547464235435184,0.1029992656430173,0.8646629477335442,-0.7783050715093051,0.04007127166063732,1.90209609859281,0.06754603338572884,2.124428132380228,0.8761095665351161,-0.3858660612438095,-0.03365800716494501,-0.15846113159926384,-0.41524168296461317,0.2228786166210755
-0.7459511670262606,1.1052377545250651,0.6880128023971573,-1.1659428375569683,1.3949432674358313,1.160910896407359,1.370124023576037,-1.191704811952433,0.5087997748731584,-0.6518478857255351,-0.8617408151835482,-0.5046314638293964,-1.4169936441732618,0.24686899586225486,-0.5537416657045005,0.1087177126871125,0.709522558849874
0.09729687635521433,0.18557789742588998,0.9178787438575141,1.8567179951313537,0.883487846527712,0.5418117740837946,-1.0154132358555015,1.4547056071472888,-0.5409946508333268,0.4717467671645821,0.002178032630616224,0.0726341228593144,-1.4785700361200647,1.6902982379520328,1.135060223060906,-0.2737519720320371,-0.426380028142784
0.2975598452162621,1.0483996749629276,0.04494419772914141,1.3021909567552628,-1.5548477733435766,0.47069303027035453,0.12090826156224305,0.7455857604599532,1.0965984244979412,1.1384743811473792,0.30355206343697116,-0.00011502180258487544,-0.8625935614851513,-0.4887584900022212,0.32638056241590874,-1.3418912666075353,0.9142603593919362
1.181994339804437,-0.8407496001776572,2.2325630103770835,1.4176467053715618,-0.13813904325472445,0.06552402809620823,0.5368108880988659,2.1884787782803814,-0.4930372119409805,1.8567510765862527,-1.035351032722329,2.5152965697920555,0.06933945065378362,-0.044640140903444675,0.2988058222961409,-1.0956741928158353,-0.052544772533730175
0.28967252053083303,-0.06378190910484291,-1.751499631334731,-0.4903268180715571,0.5796198005213095,0.4097858833082777,-0.6769793846099458,-0.9041781491954812,-0.04157990846068492,0.24286084260058813,-0.035282311348336065,-0.49901465398736483,-1.2307726133896804,1.2868865505011793,-0.7029393793032467,0.12190452174426604,-0.2787872417359482
-0.2140865985124601,0.5338442708915305,-0.2833256390458438,-1.041986790658016,2.108650063875444,1.4307649690431594,-0.9209775631253855,1.3283318724486983,-1.4125184168218083,0.29314495322399015,-0.13353008774337863,0.045184973557714996,-0.13802335603465524,1.4004771221628423,-0.08497613956033415,1.178446502039781,-1.1086268718306502
-0.31837950333023324,0.5007846620606213,-0.4982596768131391,-0.8765294430926521,-0.06162265929066992,-1.3230795266667128,-0.9416634710567073,-0.39127195203289095,-1.1747229125096927,0.5698065752716248,-0.17982809508000214,0.13905598063891086,1.0671682809874783,-0.2831696619902174,0.39385420612137995,-1.13469269124716,-0.4125051424932507
-0.17850633432105356,-0.5759098632944358,1.6018254599115762,-1.442567762202948,-1.313440170066101,-0.5014384143521476,1.7086493857075942,0.6320628921260865,0.12690031062045748,-0.5559475028273064,0.08907898759279499,-0.2868740593762152,-1.3551400004777205,-0.7775576800267161,0.7466914568083143,-1.6553037598945826,1.50250828316979
0.42455049992544064,-1.117563123998945,0.17844580014921946,-1.2692656573157015,0.2069403036865276,-1.5006651404588103,0.7161251494503261,-0.4403412956417178,0.3219438521106796,-1.2779394286759687,-0.5028556509758395,0.059654709989331964,-0.2310456162721551,-0.29261832816677896,-0.05801965267831572,0.4044683973642208,0.3359890531408953
1.18078364463913,-0.4141383576744861,0.8667870360193173,-1.5723586011302855,-1.1299900298335013,1.6167947049654172,-0.11409239295020933,0.3695897847531718,-1.681389681032731,-0.8204630411682353,-0.5177710961809114,0.9676435915889637,1.0324848080448232,-0.2097935425892036,1.107210785327807,2.2415387605987833,-0.4548544135086651
-0.1043041699184624,-0.9928891829571226,-1.0107223285335323,2.126395898273986,0.7420923085273025,-0.14420672764959858,1.0342024925071096,-2.424571733280508,0.34602865171345165,-1.3686097005110684,0.08985719631596742,0.08807417896505382,-0.44843011779474284,-0.7970502304285357,0.04318530952854725,0.5362640767221293,0.8885393922973638
-0.6949063047113481,-0.8478716369444667,1.9131883822852151,-1.5517992823533056,0.06602327170540108,0.47413278486267163,0.8791800406714537,-0.016972860832205037,-0.7349056630924471,1.056547515033153,0.5878265456187538,-1.2866669442459904,-0.6079118215790441,-0.7169571604875742,0.822834109347513,-1.1147715593119703,0.9281552082198826
-0.7322715105124178,-1.0402575405797565,-0.026592694620872034,-1.2065222700424958,0.6545133847435545,1.0341308400897329,-1.5839793756971432,0.5160656517213008,1.2267284178939442,-0.08649838205533016,0.7647711329192196,0.005728700953562044,1.1748667886207087,1.4030942693085338,-0.4513520918507684,0.036716436988286326,-1.847508373205571
0.7080700136572263,-0.04703150468673133,-0.03954811259925066,0.947951092489318,1.1860482053238377,2.198427521515706,-0.7929702206722811,0.10763173667925706,-0.39267294597506125,-0.357938498937386,-0.05048478500576078,-0.03975646168849895,-0.3334212586618046,0.30142165439811636,-1.76530940414234,-0.818841245906843,-0.08523765673839787
0.9591140395996934,-0.00016166593311656778,1.8169452923778433,0.1798508734697556,0.38469674713471125,-1.027249286238515,0.4187595192164507,2.4768394940833836,-0.9964267230531687,1.2520189918521425,-0.016495944508548275,1.6566574055658367,1.1143168039006175,-0.4378287887508577,0.30182694543040706,0.5273891613296715,-0.3097936936046581
-1.2909925568157388,1.3027667813640318,-0.33898647947015775,0.7535304821550077,0.3401738656204974,0.8719312358431832,1.1364124154234012,-1.301871910070701,-0.13512563607617145,-0.30034447638848555,-1.7409375564982952,0.4063506847599931,0.42104965197391253,-0.924739554436874,0.7557591966237307,1.3472547209024472,0.46165537351223956
-1.5519748670429487,2.308412395111319,-0.293405105633707,0.31790574619450884,0.7518878719018629,1.2486506460101785,0.4278648342992371,-0.5825693178798199,-1.2213819793278429,-0.8314339455967241,-3.689973622052599,0.42333563481485176,-0.37102596405436483,-0.709994930128137,0.606777843367644,0.02219432812573351,0.7670672265126716
0.2662431763104423,0.3119798701128098,0.19940722338388678,1.1917660715541383,1.0688331647506095,-1.6909727270252164,0.41454887186668454,-0.7374090261698474,1.2614751032123412,-0.6797865433127434,0.06883629389611182,0.037936793808308916,0.47310669166197716,-1.157391177806402,0.4546336825126789,2.1336319344412153,0.62258328762106
-1.083101024931977,0.6100842538119446,-1.1968420378658682,0.3389255998420503,1.1846261375240785,0.7151839998184636,-0.14670541860587824,-0.5962798120293652,-0.2419380188079485,-1.5198441271201084,-0.6939112142078657,1.2290169819603143,0.3096844514166104,-0.007322013985687849,-0.311024410164547,-0.2921506131034181,-0.22540698537886142
0.9914090003515437,0.3422385594409941,-0.5065162024767201,0.025417224888372173,-1.7761663237746879,-0.3897922911777659,-1.0191378520112566,0.8991877433180306,-0.20134892387751205,-0.037071843667903906,0.33158347008623207,-0.49403596461868443,1.028509177188171,-0.7417519426382795,-0.766142945885407,1.0173596091109265,-0.01726041143427491
-0.5002238517609814,1.6874009472372231,-0.921797843507766,0.5548175808685362,0.19176281833175027,0.39800048511858244,0.4122626274820875,1.0503032574086222,0.40814389261184447,1.426966174742715,-0.8818643165316045,0.42884253319540233,-0.581922727192914,0.07399925489626938,0.5833155375701222,0.03513607680171273,0.26323387370566775
-1.0936454773486346,-1.117563123998945,-1.3250098995624782,-0.17221104693653494,-0.7634150070748215,0.0365462752467262,-0.4543311977013524,-0.8123413601679326,-1.2086619428235534,-0.613644851134592,1.2369391142265016,1.3754004823219204,0.023108852842519595,0.5806477629005127,0.4588661591408464,-0.38098983941365727,-0.5365192473266883
1.4910004194592195,0.1983237071045421,1.1108670203696047,-0.45026566467118045,1.1452530377570076,-0.6727851797176876,-1.049988593047176,0.2980488245157552,-1.1909117364620652,-0.4179917396070255,0.2868779371141487,1.573923847659377,-0.08231007915636293,0.08964465397274,-0.5219274442299215,-0.8331300349430868,-0.06990725833117407
-0.9984883591856059,1.587635860849739,0.21160593318568954,-0.11840509750989102,0.4379300408314307,-1.14466104441954,-0.8161385577431048,-0.8202805201047747,0.2708098502692456,0.5708568737493425,-1.6418558595975918,-0.2153543234376564,0.7034579314678142,-0.5291599081065896,1.137310094907509,-1.5865458147256135,-0.019546884695967447
-0.5774841950183226,-0.46613800118867105,-0.3997963113681951,-1.0395760600389319,-0.16152466742684832,-1.2342936844598236,0.03924761405233281,0.947042767074835,-1.2329910925856518,-0.10594585823474945,0.25969079366410425,0.20826720541528163,-1.0712767012645812,-0.8236717176045398,-0.8417570143115007,-1.2371362291159618,1.3347387472746264
-1.0497530252949294,-0.697884766064486,-0.2634399527387021,0.831596652319262,-0.8662313590394337,-1.3072913880419463,0.10266426153802298,0.846325517079516,-1.2251833151348717,1.423979952857295,0.734886220410851,0.2520229886042851,1.0245008497603234,-0.986671677011497,-0.5444015774153645,0.9518914616907028,0.1853316264647343
-1.2343852759288607,0.13788268830114722,-0.2025854383273845,-0.7088814628241402,-0.38225743324185574,0.36782430670563365,-0.7796108592434208,0.004696881804424015,0.7070470178700964,1.143018272012574,-0.19086232950382712,0.2266548664182668,0.4593940908489343,1.2234869937324782,1.660813473699475,1.0151559001806891,-1.3190593304371718
-2.1041315257126847,-1.117563123998945,0.33012977393234505,-1.108988426362969,0.5956621049193666,-0.39910716096312693,0.4826961252075565,-1.5814295916261303,0.4934058458883645,-0.7291233646016474,2.3949176384551962,-0.6784370514245995,-1.370683010844906,0.04316822385840668,0.8980662853970863,-0.4828697879348788,0.8419905002318433
-1.648822186916774,-0.8140171027738664,1.440219651513529,-0.7561445693000195,-0.8058768383123988,-0.817462269541074,0.5565356746160809,-1.3078930185755064,-1.2316040369308163,-1.8446353911941233,1.3599388498271145,-2.2880203007927955,1.2208092562361081,-0.48920680990730236,-0.32038421512879783,-0.5858651377874777,-0.32098351706751616
-0.9608964805009708,0.33333434134515344,1.4812369216140984,1.0084381594606338,-1.3086143032191624,0.5224179167611647,-0.9767921366526164,0.7278188792825818,-0.6126876366602674,2.27476376247169,-0.34477599403804315,-1.3765612296570109,2.2735749434650376,0.40241299665818975,0.3207224221063895,-0.08152895361065533,-1.5201120761469549
-1.667895574312068,1.9902186973994473,-0.30971790935358384,-0.49603269925472465,1.2764685285469541,0.5076098045813808,-0.28380805411425625,0.6742445072982154,-1.2065457767210384,0.5202859284283323,-3.420166297840327,0.48198836941131196,1.0089601562005732,0.9460550511905624,0.18901393117371562,-1.4716513254797232,-1.3891453880016855
0.25738983490416667,1.567718197579124,-0.4829134887840406,0.4749603290180558,0.783250742049558,0.10252061722198515,-0.37116333145379643,-1.9236491814255545,1.734508088433519,-1.1788686791577376,0.397431633959488,-0.1320128787267836,1.4452742241201302,-0.7300355014575074,-2.692142521081792,-1.4429114105052292,-0.2325600833960729
0.5072256157567966,0.5272528231185034,-0.1510680036544225,1.0703006322858393,-0.8225297210802481,1.5399173344328194,-0.7388126995705119,-0.09088400910049517,0.8808656381186046,0.7626684099171566,0.2578951030300449,-0.08634035940827195,0.06843382524236426,0.011772688179102828,-0.8652087628067369,0.15079858206745117,-0.09818772656295124
-0.2651946486619059,0.18231434940528027,0.1548251428929976,-1.5251244170185727,-0.5179812009372754,-0.3048556102807845,0.9519579748880324,1.1545053709671935,-0.4888139690868293,1.1380885564854297,-0.06591434613731285,-0.052264970315545174,-1.7243105594673447,0.032609198773465554,-0.015260129306259461,0.23558772189636312,1.117793298423782
-0.47768716324934113,0.07679459611667651,-0.12279434157537004,0.7216639890222452,1.8972031566178127,1.0123551535297899,-0.7864730581170485,0.1232715473530237,0.48905517052079883,1.1222472042389795,-0.05395292574418786,0.04326985081783377,-1.9117210637364848,1.6032188731838852,-0.3189956630274097,-0.5029621370912483,-0.021830637779472303
0.028512559878540473,-0.268455845920437,0.4013269272307873,-0.5626140976696844,0.6087042561792292,-1.4818451514491464,0.5062099371644485,1.468015287330719,-1.4039673131444705,0.1792981835428577,-0.024185819350253074,-0.001964793580360231,0.24260061459526566,-0.4992707452178911,0.2807115986451234,-0.36273379575669085,0.21656197884975215
1.2181385449577213,-0.5843540188157675,0.1191654875200974,-0.8590116714811143,0.33503753211463455,0.6691354190035975,-0.1511804716891919,0.9905019378954901,-0.7109574058194528,0.725520057762915,-0.7462495155211978,0.12614543959634889,-0.6267016846250346,-0.8417630386528705,1.1572350952341985,-0.5967861007710238,1.04289453081721
1.1042189142413927,0.7093673356066945,-0.5075901037158465,0.4833506964534472,-0.47252130108263773,2.1454261953127216,0.7178943098315924,-1.1719704707906804,0.08399014366893019,-1.6040957982272177,0.7868645110956246,-0.5499161363354576,-0.9577696620719769,0.12646227931366955,-0.2841527644004009,-0.8474826547074308,0.47673058069418495
-1.771083051904822,-0.27527655628896874,-0.43605324876246027,1.342301659388039,-0.4976303862103014,1.0572896724214265,-0.15756375135287404,-0.38700817533917026,0.29533049660638955,0.29394731264876445,0.4835896850870709,0.7269754433035204,-0.0835734062502664,0.5075027465123332,-1.0153862398003,1.50506155665836,-0.41125886477463797
-0.9334161580681833,-0.10754553179822589,-0.3448352146081457,-0.6009032135643866,-1.7403936391078236,0.20979542405855398,0.6600705967363185,-0.3777816932781135,-0.23127638646408624,-0.27973980416926664,0.08659870058476767,0.29545019026040814,0.6125696649755756,-0.07132660646558046,0.3579446806542743,-1.2987293906806818,-0.34460028893307376
-0.7319922054814173,-0.27281589995548494,-1.3745111686972113,0.1493103368656,0.6699386787709442,0.3373393982478667,-0.9475296157474985,-0.9010069228072517,0.039268067762788156,-0.40276154201865055,0.18843678816787068,0.9510148841780912,-1.5100820646168645,1.7396023820542865,-0.2892065478451958,-1.0029634259109292,-0.44310005478737985
-0.6898034464193082,-0.7474545003501017,-1.0281415047258762,-0.6168172972024945,-1.7006927856464311,-0.39382360205112865,0.17179605216269891,-1.3827435463905229,-0.08982099629882913,-0.9726327111365479,0.5123617503155224,0.6665491471685413,-0.47984306043475716,-0.501527776081087,-0.11977870082691039,2.029901032628703,0.6671035938198541
0.20415039243918262,1.5652220664020406,0.5898421612551835,0.11055475017146019,-2.4167703210925753,0.4861262236028758,-0.42053814055747024,1.4844634945575315,-0.14498449190318657,0.6450660431399342,0.31132371154058447,0.10243941301114001,1.530336492224711,-0.04699740420559758,-0.2545882262588893,1.2172781518139468,-0.8317924083675963
-0.20419549598183617,-1.117563123998945,-0.3162135342851334,0.2928987849896951,0.6730492359023974,0.7695255069793663,2.0056800835524804,-1.0937713675299485,-0.3975277853077917,-1.3382904223484797,0.21766331277842715,0.04893404559006571,-1.1227016140391626,-1.0843504496323775,2.2622080085979452,-0.4632844148845639,1.584847337211145
-1.7088557238698638,-0.4021918185936532,-0.8442141557102865,0.26129318696333226,1.665694162803235,2.387988938906569,1.6255968566439887,0.6221701987895952,-0.6233924469353932,0.8071068985177703,0.6884157539644562,1.369220086869573,0.8734195121315346,-0.8688491910875462,-2.1905839432861858,0.441513445782526,0.16752373085277786
-0.31995065988637916,0.7577355492354109,0.1409419415924536,0.2975395671864544,0.7581252553402408,-0.020034362998333548,0.73433492232746,-0.47270471206105164,0.16566359807404069,0.9391473709589008,-0.2649356139566317,-0.056131415982527626,-0.5166376048648109,-0.7263933332968435,-0.35050755155349533,-0.2659645508306918,0.8753840946938095
0.078884211834223,1.4020569978114668,0.6921317412083878,-1.1942083957399803,-0.027187507328477124,-1.584373476083917,1.180376741452084,-0.21051396888215046,0.43261726345397106,-0.44107020959245435,0.09707371241736104,0.03938103813016303,0.5409456067371206,-0.3803432876527169,0.031584482717308515,1.0801548174675377,-0.05178558383875185
-1.3119278540060537,1.4776791439581822,-0.7001224896987022,0.4970673129591,0.010109703135757658,0.2532207784609603,0.2125660815594237,0.364541823636139,-0.05346618962885014,0.5503923860753301,-2.004208034658353,0.8670677213342827,1.1069610869321171,-1.030920091955959,-0.7407091158875029,-0.7156548518975141,0.17953294575824552
1.0275831051208584,0.8849721240369434,0.9449211476932501,0.4420055194250167,-0.11966711365849822,-1.2236668628311393,-0.08272530437142214,0.019521758686656718,-1.0863704215851233,0.3424798976169208,0.9161540898457627,0.9173421779312253,0.7415665819031544,0.384725101375061,0.9291028177064913,-0.9471538108452155,-0.7884670019554376
-1.6816933359278032,-0.8846263256137339,1.4451231067608488,0.46481548858438965,-0.42315777397482984,-0.7215178462059747,-0.23091529964712953,0.6524082068451595,-0.9683146646008959,0.41224153886962517,1.509136957033248,-2.3412771965939747,0.9138524193105877,-0.7761061863498405,0.8431092070406901,-0.37022163186409157,0.07032575426886749
1.5189759907103089,0.8711945443730987,0.2331634459530385,-1.5517045043228814,0.10231148061340255,-0.4635829824250526,-1.4027787105453655,-1.5117310974143545,0.49060346694211554,-1.9405058536666175,1.3406140875438994,0.3263909265817619,-1.2010103270228114,3.1115190421220875,-0.012188651919927216,1.496472664902516,-1.7943081279584687
-1.327112561466697,-1.117563123998945,0.4301829892094184,-0.1736869156703007,-0.13274681371129363,0.6413266620102174,-1.3557435545268153,0.7406036212673989,1.4642684343442942,-0.4450297506568488,1.5044835003768098,-0.559890255964418,1.1237221243278406,-0.7570819786336903,-0.23362830044966523,-1.2929478148867861,-0.05314353294289934
1.0707562356673619,-0.9686434601015018,-1.6733304559754802,-0.2752633267384112,0.30209631269234166,-0.9386305343040797,-0.5309376199769329,-2.615448054491898,-0.0560099176423256,-2.1940068878878503,-1.0798741438089652,-1.7295267147668336,-0.894261619669268,-0.14781248919118248,-0.075964765041259,1.009649301052623,0.6570336464714935
1.3710889167480835,0.45900621352154225,1.576422352529289,-1.4638876124128728,1.3293691546991353,-1.0107570937986008,0.010531711817726342,0.632791652971761,-0.24856154990528187,-1.19926345658952,0.6289937207282764,2.05785569370659,0.24717743611129445,-0.2617727871144394,-0.06884217211012297,-0.1923678843669197,0.019418383626038573
2.1524667404138027,-0.6573724327667275,-0.3070289291594399,-0.8385472037561408,2.279760836341482,-1.7282981291814261,-0.9821526441725851,1.304230001386975,0.17558841125856559,1.78498612948146,-1.4672656027863649,-0.6460860467007649,0.2458478392690546,-0.9084382918977377,-0.042603850741603735,-0.6806033216121047,0.5496724090693587
0.9032517295140606,-1.117563123998945,1.4213809706455938,-0.1893624100488784,-1.403661437565607,1.1778624291354114,0.05903412572554289,1.3482471442569859,-1.0943638136045635,1.0534449566609343,-1.051429027404866,1.2171024267438904,0.47868134979594273,-0.3772991848229604,-0.15150234866275808,1.4898770569625133,-0.01928752824435658
0.8213170053844147,0.7942992533043041,0.18405994779699886,0.6490896870640066,-0.2563786120752832,0.5272041125830016,0.47476102610115334,-1.0316957474550454,1.351369189646513,-0.4370977838353814,0.652612176251455,0.13190485944578959,0.32662504551831956,-0.3870438222300643,0.28602286265220106,-1.002687399601924,0.07567449126578506
0.3979859685716563,-1.117563123998945,-2.394561669098762,-0.7875192015357808,-0.8947336646651342,-1.7795327740741658,-0.5239079394734324,-1.731580653386574,-0.09376767461543004,-2.8991318895092393,-0.47241370982911757,-0.9259688429789593,-0.885145237262705,0.773851084826357,0.7834621088887421,0.8392960848938246,-0.10392512509999353
0.8196230633317316,-1.117563123998945,-1.8096832244126022,0.9579185987491716,-0.3455806101344236,-1.9176832784758993,-0.2904529058410164,-1.153915322195987,-0.9103091353922572,-2.31768647496603,-0.955593761192325,-1.4339904944767847,-1.404490323138025,0.16753732066030072,-1.1868460296790349,1.4433900246342966,0.7651922599058301
-1.13755643462912,1.5875823952975394,0.46305122767817225,0.08802777839759322,-0.5325650166268838,0.15400000210923456,-0.7141978971587316,0.30259997947031736,-0.3058827736711403,0.17717649009126907,-1.8681935161050038,-0.5175873750371027,0.8760749452485789,0.3665260879628203,-1.0084417406783057,0.32432741360844786,-0.8453724653750629
0.11121706602980502,0.1396181448551643,0.14093035231358514,0.7062880773863444,-0.9190501089818673,-0.6012079127848106,-1.2625086023314414,-1.6489017732012543,-0.5784499389425736,0.6152580919046896,-0.0004144423950602647,0.002088795804812275,0.17153490355610587,0.7416108703921348,-1.701664294415717,2.4086544087338875,-0.7574812592382415
0.05390577502142055,-1.117563123998945,-1.9555931843602792,-0.10542460767696124,0.7828093888248467,0.25556066520079973,-0.8466126990191115,-0.057519192405392605,1.0881102047302804,-0.6791394663739486,-0.07811091328018432,-0.11392526004000475,1.160377090541206,0.3865057457709151,0.895896246540686,-1.086174584748454,-1.0079043224320292
1.133646386897392,-0.8949266472529629,0.6533090774722043,-0.035077580966270776,0.03659362632114642,-0.172474786556704,-0.20674097178351455,0.9727055275106737,-0.20281937810912914,1.2438634837508726,-1.0566478949810505,0.6966381671471409,-0.06508666580830386,0.0032703353057703718,0.2839109514064836,-0.8475819572549474,-0.009810378739604648
-0.08086931738854894,-1.117563123998945,1.048869967669101,0.28700378564299395,1.4521113930616933,1.458240701442292,0.9411219947228548,0.11602867750211103,0.18385552234947516,-0.1921721533197633,0.07633620933407655,-0.09419253164274238,-1.4612392146456556,-0.7315885738576509,0.5371631390615367,0.6196349130209393,1.5436351416869116
-0.2884556169051707,-0.9684563905624166,-0.032387628283199126,1.4583131250320933,-1.8237426666145058,-0.5850364278355169,0.7836782561584893,0.3271817176900924,0.5104423745918354,0.26011139675197753,0.27011856796536204,-0.003977182392421069,0.9723183729498046,-0.0609277706593713,-1.3847618004608904,1.3002835878775463,-0.5457181422337226
0.38982614893420675,0.4413036552030408,-0.11247355894875057,-0.054551948682907504,-1.4885709736611714,0.4851395835327286,0.0659629361214604,0.11464737210741621,-0.7977490116654432,0.9249846915407011,0.16006631408972602,-0.05493446968466902,-0.3992746754037133,-0.833969028995403,1.808350654994159,1.8470544490530225,0.8868270125508954
-0.6345811893074181,-1.0515854732832866,-2.368145511220528,0.042669259926966824,-0.20649148265885967,-1.6445400985654481,1.08512259572231,-1.3228220056258764,-0.08615223366885309,-1.232682480190647,0.6679368219293506,1.426838703859672,0.33180434123521774,-0.31683621573058834,-0.5695610109098108,1.78426523261303,0.01519164262396645
-1.112733765947622,-0.0977935363970416,0.7968285906948815,0.23858391304195214,-1.393275163123217,1.7145123224620153,0.07060620761660709,-1.7430227583208255,0.24131274544979125,-1.3755961056355557,0.09524643843642241,-0.8624068835747627,-0.6836390712233795,-0.4218540772227362,0.20233846950987194,0.6672793538946361,0.7373193580024161
-0.04128382292758176,0.7104096477644813,-0.4787419252160267,0.6318709956279653,-0.6090463276369825,2.0115446471767258,-0.4243977740290303,0.22056271805173844,-1.68295164347758,1.022386806687028,-0.04641064927660447,0.0060077136543712426,1.668297301930151,-0.3731530399579529,0.8839632340143733,1.439888207864139,-0.6281357202439191
-0.20251734646404615,-0.4742738655498319,1.170225475849684,-1.5682371213826534,2.0967906192431323,0.6667276473271389,1.87211255020744,-0.7823182964079263,0.29171345368784396,-0.2411537293296304,0.08215246327856907,-0.23998137201788736,-0.9187601335098984,-1.0272961067867952,-0.9451802614775004,-1.369069325471796,1.3941643542808388
-0.7461931689464484,-0.6665515952730993,-0.36000481276171176,0.008427274605704959,-0.7893119690902005,-0.09158053648073743,1.8882274026039096,-1.0286588552992697,-0.15864298332918328,0.24783288648567678,0.49367830100699994,0.24444107005482976,-0.3654688851606937,-1.3654666973271559,-0.5074494426982539,-0.8948594575191663,1.3001696297198495
-0.33682266416414475,1.5701852154253888,0.14728536292886227,-0.08153715350475844,-0.8287044765272065,-0.805662482602547,0.03588286104921097,0.37126510024042547,0.054705606196451824,-0.3194157469026168,-0.5586503174814166,-0.06045669330113864,0.09109083500981158,-0.5573682461058435,0.21323165715157488,-1.3015292492414485,0.3541619700180458
-0.3399274308179658,-1.0970549456523977,-0.6591760365033621,1.4162610037515782,0.23737720190586553,0.9203297577392506,0.3034447144342248,1.4030940820386264,-0.09167548121961697,1.7766162675675143,0.36605849803927454,0.20174847525477696,-1.1400391486749046,1.08749631617339,2.8737573844936586,0.15914056055550632,-0.1809881993754304
-0.4500261294558742,0.3022920039596666,-1.0508330823310115,-0.050082050524692175,0.04101187893263686,0.6580961801066814,0.2930579399307073,-0.2906263240825437,0.08209749636399621,-0.04381689921725682,-0.15583319110607444,0.440144939315279,0.32001887656623956,-0.1613943845825339,0.3343752377686136,0.42145632764438967,-0.10525341881781822
-0.30385858266759797,0.404111139801117,0.7564397590029632,-0.11663576172996053,0.25523433077690594,-0.7988228264638465,-1.588200629629856,1.2204407387807104,1.3473205171711278,1.1941987625875903,-0.14224991320009558,-0.23314052912623404,1.63505556603228,0.9671051387531707,1.630948943661508,-1.0717605210895162,-1.7103958285865428
0.5219756257159869,0.3505957276678549,-0.03193645389302699,1.7426058616198081,-0.2779192270765508,-0.12847734521689827,1.0045387827922774,-1.3521381950687241,-1.23011841628129,-0.7421268666175106,0.17131581480230682,-0.02889888172248917,-0.5225194945128259,-0.8306781339131115,1.2329202578062672,0.6492310564679906,0.9646448781998993
-0.5404377695610697,-1.117563123998945,0.07220145441237379,-0.16373369776100144,1.0059826380795676,-0.09793328225834266,1.528367657977726,0.1225315298598176,-0.4095380013779377,-0.36264310319422427,0.6029841515697666,-0.050312037649941306,0.386338993781315,-0.5903650126102266,0.400816621514084,-0.21198764172150236,0.2077304008285786
1.7231232885047567,0.06080740988833636,1.7570950332589803,-0.9940717127373536,-1.0728415333454273,0.974225353436441,-0.5446885666210688,0.9896070224100126,0.8556427151013326,0.7851894086679122,0.09110428318695522,2.8878074686589077,-2.840807035443744,3.287152752524324,-0.947381569873336,-0.01900645346825089,-0.6262666209319729
1.4589252675027333,0.4433419339903489,1.738205058539608,-0.8579579360117627,-0.13999596342543544,0.4988195859810445,0.5236285758179717,1.947075948952635,0.6771156618186679,0.9360322751713469,0.6469019327275809,2.416648523296162,-0.059130542298892,-0.8002643345575888,1.0879691743722084,0.485751660327618,0.6444366100628435
-0.03333246174803541,-0.7413418970675506,1.0640125962947389,-1.4100658007735865,0.5547188051314774,0.3828021459242272,0.3643701083932894,-0.20036444117586683,0.4955157504432294,0.7947345963889656,0.009001735706875595,-0.04690683869219911,-0.3404410703100594,0.34254214269952676,-1.452918533214146,0.06278926647817584,-0.11440211398541902
-0.4475233174040448,-0.6857615924026711,-0.9429696262361964,-2.898059147566873,1.1808628945759962,0.4014565142447357,-0.7390243189065986,-0.2797232686610693,2.6377735012490118,-0.1650466237017423,0.29835595320137553,0.3913778712470342,-0.8591682289835257,0.34063457219921545,1.625499326829262,-0.04081397216177696,0.2328070542215798
0.1095525527496112,0.7697414175331979,0.22480556519306813,-0.21348831302533958,-0.2974551210079619,-0.6387345396787747,-0.34213045886685406,1.1889349579441637,0.5940809666339302,-0.45770044002354554,0.07013305542667267,0.010667496281401685,1.0906671627799815,0.20897286759411587,0.23392692103492183,-1.3654565192968595,-0.827407140286232
1.0927093258304634,0.4694382488909454,1.1672412203244231,0.7358914884325728,0.22193370617119781,-0.3425069090134962,-1.040927114100968,0.7115931353285717,1.2640295004047468,-0.6997534094599284,0.5096575991612246,1.2090455958251554,-0.35398909771707965,0.3579807893040584,-2.597385297821288,-1.17073748393367,-0.11833722247244934
0.4264055206442645,-1.0817569643140874,-0.356150233563104,0.6190507470145659,-1.4722063867754758,-1.7214801345715482,0.03615353924967835,-1.0182892643248715,-0.41101378252207343,-1.9749824974765102,-0.48932551082346376,-0.15842433489942798,-0.20131671921267605,-0.8076989757072527,-0.3029971710397209,-1.429537622274337,0.7389877374831311
0.9121647371873786,0.7006165548061435,-1.3372103307870211,-1.9615162046012808,-0.935982891793974,0.8267865945441348,1.7285280459930765,1.4371501575852015,-1.1200798342353477,1.0140275546325077,0.6389805951217058,-1.1815375677141156,-0.40627607412311273,-0.5247751175995057,0.6848566701992891,-0.8277667294508785,0.6382021374655142
0.10242521587866606,-0.782212795845472,0.8844539297256706,0.15238034126969205,-1.4722197267234278,-0.17674320939294477,1.6103768211603908,-1.1279601881891863,-0.3046689597988906,-1.4476619571495215,-0.09849117730259842,0.07386394734274591,-1.9863252626544734,-1.3438304199500193,-0.2002017484919908,1.177984138871043,2.4503205982707588
0.3713389046863532,-0.9455075248069527,-0.07062454683319162,-1.105663241655876,0.6680962567083307,-0.16282594489865448,-1.0709073527015416,0.36299291925268085,0.6522242028101909,0.48013452301377557,-0.3763626967858599,-0.03805379145136628,-1.180888406287705,1.6700606665051678,0.74550942550741,-0.7161704925361528,-0.6286040681378688
-0.5669404996868814,-0.9697879717216943,0.14547779879973236,1.5542396383492085,-0.5307898565526922,-0.7195657941396016,0.2415776735735513,0.4440440013703178,0.35511488512000433,0.39035420699345685,0.5474465963978351,-0.09194668301055929,0.9671499416811079,0.3506345041108701,-0.8091336316667952,-0.35288871004778316,-0.8800143660042318
0.6722256516012304,-0.36740573186798486,1.962525449273311,-1.049382521688972,0.6554683665592661,-0.8431157857027562,0.7524402434927039,0.7922091167706177,0.5424513937732504,0.6219321564544003,-0.2695925898553757,1.2510133797729466,-2.1845312165125614,-0.7257362939930632,-1.2620656952864966,0.4246665045287308,2.104008900866232
-0.8534066777673804,-0.8883588106456135,0.2595483220998546,0.30607687313029314,-1.4930238575185986,0.23162330107476725,0.724757940840818,-0.3709467690213224,-0.2697271365209822,0.1429869467006422,0.7610595342007742,-0.22514023509656944,-0.8056158162526726,-0.8252152506976245,-0.03572220350353036,-0.06274318456639408,1.150520848207541
0.5487930403212856,-0.4859173518912883,-0.21993092253834748,-0.5076008439369158,1.155062672802747,-0.7624026826468049,0.1992422625872795,-0.02525037489390313,-0.4500060196395733,0.04406823010762833,-0.28978140469698555,-0.12856338856164848,-0.42939475637193536,1.1165427950585676,0.0666051943682564,-0.5904734202879106,-0.6906596992607231
1.148352591796139,-0.2869857385437659,-0.36847020755646115,0.34757255695258205,1.0406623736683536,-1.5616283978448127,-0.5055594496172504,0.05078497530075262,-0.24059082462466846,-2.1557346274130893,-0.3542723503308166,-0.4183188602457299,1.770225328383595,-0.7651218106189418,-0.3108231400033048,0.40358388726904576,-0.3528862132373385
-1.1494403742454966,-0.7944809104232352,-0.23951816962865538,-0.26652485514008495,-1.3371990564110336,0.7597581960654923,-0.7445052416779654,-0.9675586698841183,0.6321118148974245,-0.7417436791009913,0.920077346326303,0.25083974272400794,0.7696059796399392,-0.727511745975058,1.2543947831009095,0.3193217165305881,0.10709629860954498
0.3203312680572969,-0.6493559544914732,-1.244677846463955,0.7037018732948134,-1.9509917375529422,-0.32938636649045916,1.0930400737893053,1.3023136030912201,0.6824154594854578,0.9658318568116069,-0.22963175459190402,-0.3949185340289581,-0.5909794359020024,-0.9273486395654325,-0.8093156231672225,0.9472292733671136,1.0891364982014995
-1.3515430446462073,-0.9024328388358129,0.8253880928185906,-0.8094637663738548,-1.5756260756931872,-0.31903708245152634,-0.9129144152466163,-0.016878789362773518,-1.0273028481627697,1.2617683780527686,1.2343335136080322,-1.0816986303247376,1.3195874064203432,0.5838934018000724,0.3463361884349975,-0.5889567363658237,-1.2480571200574482
0.6432182170251651,-0.8557894222341332,0.9885424530371945,1.3188049324722821,1.1159066959442632,-0.18121134343386622,0.6549883871342623,1.1948801112558045,0.8034762155606434,2.1337434857371975,-0.5807842099351308,0.5962585082936467,-0.7791388636986653,0.9437493376254588,0.10276788712084071,-0.2141102127203932,-0.31598627803378404
-1.4199056024405559,0.5326710891959522,-0.6156853013491486,-0.032399196384281896,-0.7002137885118109,0.9299608812588971,-0.3183914662419574,-0.42583310503518157,-0.8706538013533692,-1.4408782118241679,-0.7918993005568818,0.8246299045025633,1.0164167708587888,-0.41720980737243807,-1.5111351850970842,-0.20336221531833168,-0.2767751264882091
1.6058101073845295,-0.5223295164064159,-0.5572473383978774,0.6919642339646068,0.17115773856383737,-0.48661202298274664,0.4374150427115932,-0.3427067483563311,0.4004582675928764,-0.4801830794973911,-0.8764130406437561,-0.8702394083505645,-1.413736729784053,0.954033300832884,-1.2750269093675803,-0.7988695905576576,0.12809366879087783
-1.1238869378671492,1.0108890373401413,1.148977104973941,1.041041820018466,-0.14564880366220198,0.7281602869169242,0.8908614139261404,-0.2303262830235784,-0.2453083589919123,-1.2576604700789202,-1.1813324031004293,-1.2501010114640743,1.0822594091964999,0.11365671944317485,0.04708098895477289,-1.7045317550863177,-0.745095753678813
1.8316989921503193,0.5689772934380793,-1.9919595425397527,2.3461179811719823,0.8900418842174006,1.5747120496003655,-0.2549994334253825,-1.8943261125616528,1.4769643177092886,0.10275734535675604,1.0523417725011432,-3.508603385529631,-0.4359767484578335,-0.9532509549758975,2.003300029978519,0.4224461813661441,1.0083191883284606
0.8989737242012602,2.0990527789761297,0.030315129162454473,-0.8329800723926459,0.017488329789580676,0.43265574697466264,-0.7834430411433287,-0.14620696300714925,-0.35642009779063005,0.6820210543184312,1.9186073936457677,0.01318192850734487,-1.074689054178172,1.5240553640167185,0.6106742904157673,1.391377673099337,-0.5850971420064083
0.2642188203411358,1.6906223435219048,-0.11792606366592334,-0.6259048902906752,0.047892613517058716,-0.18024612954490096,0.8340150835929107,-0.7636413972128752,0.14739675302307897,-0.13671891692411425,0.44170839689820823,-0.04277960117359576,-0.2420243666655195,-0.9319142330223369,-1.6789329632365064,0.18693529613587395,0.8663693317747639
0.8324466901988884,-1.117563123998945,0.4912272564174875,-0.7425623487087591,2.152226003580088,0.6946776154809462,-0.7191588196095697,1.7345002296950038,0.5925549014317629,1.1636095507682713,-0.9702891491582751,0.3788459619354333,0.2654472918388093,-0.3612753628365988,-3.0545950936911352,-0.12386049433671241,0.09018596527468874
0.8775779314001377,-1.117563123998945,-1.0391545817888623,-0.7018610469493465,-1.020914195523748,-0.11084623166567292,0.43868386688727457,-1.3463616470080695,-1.0486755640853622,0.1527624793725622,-1.0220078326249507,-0.8866278574100162,-0.5269183097962964,-0.4149829354697589,0.7634374264928575,-0.7246345398326597,0.6271838404507575
1.6955664449534613,-1.1051876435366397,0.42842759890751503,0.18577161565009462,1.0214421286069246,-0.2263314317015649,-0.4886204434006552,0.2808803626117378,-0.10168434144174408,1.1306946912845344,-1.9378748465705566,0.6830393310678389,0.5493196049827548,-0.546326066338387,-0.06032590052519478,1.3257686496335157,0.07943896143800125
-0.6767089236146208,0.6525042270770234,-0.3499244656147512,2.20553968846411,-1.6162547176354076,0.06602266769611455,0.9790440571940575,-1.0376122456072605,-0.4095516105636362,0.273289199297819,-0.46911290127319855,0.21393988738122333,-0.6174808415957701,-1.2366061355991578,1.1689405450416752,-1.498101224268908,1.360018884324007
0.2545196884445602,2.9905462877239097,0.2906836124292703,2.1355102827732226,-0.01162011568752408,-0.49570427484316015,-1.9670679308266334,1.7446124217301566,-0.5000282401053372,1.275593528978687,0.7641578845005778,0.05795456864237489,0.6174824670552296,2.670444815762553,-0.8396236738052852,1.2009363401136162,-2.592207919635141
-1.351830534829643,-0.6590673733767565,-1.793106905696647,0.03769135588884771,1.2678889899625307,-1.3021269049009792,0.8440876145948051,-1.2813393836826723,-0.6993305856765616,-1.2108474364772774,0.8972506281931503,2.309407512686695,0.4346544059650951,-1.2082230931865257,0.38313720306734267,1.3445021359269154,0.686014452230599
0.32521207151500187,1.2091040314088126,-0.12303211053935777,0.34048811469113766,0.4847583347094342,-0.22519213321607517,-0.9764984079724097,0.7853656301596083,1.0929790826747625,1.1077507165754858,0.3868704084024371,-0.051261612300911676,-0.08170189358822225,1.6455166597470186,0.8758065331254835,-0.1448658734095596,-1.344192856696044
-0.974571788810208,0.5140002861163785,0.034996573915496744,1.0862384051158376,0.5416001174678085,-1.1994002772352528,0.49281058889105006,0.7876682366628841,-0.7287474447142742,0.9958163582733838,-0.5299964388597576,-0.04560435862950705,-0.4721509467086982,-0.84222962245558,-0.40924484946845446,-0.8267280734049618,0.9410259703039703
0.18746025832065635,-0.6849177087318427,-0.8449653069510467,1.493210792346879,-0.6071897885786013,-0.23703585562591215,-0.12346705116762285,-0.22012144128726827,0.43672379101337994,-0.3157629523395092,-0.14799448541049048,-0.16468338489151887,0.13634066305830012,-0.6718908896242572,-0.3880086652381295,0.6645746200006695,0.4208155185782729
0.20733818627523223,-0.0869040681007611,-1.1424786425619933,-0.9056094895790636,-0.165877249703136,0.1493938503683366,-1.2979722604939727,-1.2683649355650468,0.16272809081348003,-1.059978219433878,-0.03481335534599196,-0.23987453922675334,0.5455226965988488,1.449972298195786,0.06034418936580776,0.6855831748053551,-1.5529610283189677
-0.0724955949967304,0.1398308760757848,-0.9396748572425339,0.04236328031665557,-0.3056466714200148,1.5091033114707175,-1.003430345115162,-1.0920309709766631,-1.5685187135315466,0.05810941885111932,-0.026731668792300357,0.05233797471775592,2.0967570589800344,0.2312589594823124,0.5743236916410023,0.27904323387603286,-1.3084727987025864
0.07594403360823203,-0.7707434873891147,-0.440539905721424,0.9703692898828835,0.10161051357968365,-1.82040807123986,-0.11108719454929138,0.8911990153253511,0.4223927599282677,1.7726868576278911,-0.07635772952854682,-0.04498133038107508,0.9449078033379669,-1.0732348512992054,0.021010153337611682,-1.4575904264117607,0.29738089608719825
0.7675816019999173,0.994392678271474,-1.3618066392223631,-0.5760460579530482,-0.051611737361766,0.32276032279093647,0.24421993420693014,-1.6845647756835034,-1.5494903752041782,-1.774938421689719,0.7663364894255853,-1.014394506122901,0.9824375448284284,-1.0800652303701157,1.0027810623379454,1.4694745000820506,0.2834850775187543
0.8928563697947625,1.651418174413878,1.590938994744228,-0.19244391196024338,-0.41669801093065345,-0.11127377243091295,-2.6084866120482233,1.5433715343728103,0.8271947249714576,0.8582804596682072,1.4956107965663454,1.3479891227132808,3.150428712531766,0.06493604013290437,-0.423620354531576,-0.3439402049870377,-1.5549294737096127
-0.0038813240109107903,-0.7552319999675863,-0.2732993024328313,2.0488146126993585,-0.4788344923761904,-2.0358941041412564,-0.19856809836313852,0.1408951082505192,-0.6060192696105907,0.2643002663320667,-0.013331159869053174,-0.011911550196910358,0.5103269326097012,-0.939378325878646,-1.284329776604216,0.6701217178535059,0.42309977139472393
0.28016517284345493,1.7598911904816057,0.8770443313518334,2.039017054232383,-0.647028411881843,-0.7057940361187497,-0.6873533604645434,0.9213563390593984,0.06692010889613961,0.9686238158006129,0.48925259734151316,0.22248611410361746,0.47818972378971863,0.2859042551604648,1.999103437785384,-1.6035454642151665,-0.562024562967886
1.5676943841833069,-1.117563123998945,1.8589206572661807,1.320629416124905,-0.3098565883244982,-1.2264124580523155,-1.534845700237802,2.121394754200467,-1.2145120748980744,0.8055393582496457,-1.8128550024929386,2.7790936346840427,0.7033213701742741,0.40867307876536685,-0.5653718281832284,-1.4443563267962751,-0.7873473509292059
-1.2119111387736854,1.5172635307153344,-1.4609470970718872,0.8384170113690493,-1.0217386785470999,-0.8168956036143551,2.3272580516328687,-1.68886964441751,-0.19027762981436006,0.3984278898396016,-1.901851622429613,1.6833686589346404,-1.0546377707036585,-0.7889923759273612,-0.5294203751394321,-1.2417758864326995,1.2945321541056507
-1.2257721793848797,-1.117563123998945,0.3814551339389479,-0.681750927584072,1.198801675471296,-0.6258935766450476,0.8473737224178298,-1.0731058075975923,0.9067324018024481,-0.12632560319616057,1.388351282343853,-0.46089864967586075,-0.4747364211612771,-0.6389617282625912,-0.03011756736847753,0.8378579367945136,0.776287256592905
-1.3985270157378473,-1.0836336729462301,1.135195458316367,-0.5234221397521494,0.3126047369329091,-0.26166335048059153,0.5751927412538128,0.5556422254955923,-0.7882825299689489,0.7548598477218771,1.5376646905824307,-1.5339586126122378,-0.5386390251615929,0.09950673828529447,0.10198426119307788,1.3940683914416812,0.2136683316767137
0.4413651978880451,-0.707890343906146,0.33311412696691184,0.09196431749986922,-1.0952309412264878,0.07588715648389478,-0.2626966298255412,-0.21866298824189162,-0.6451770267491814,1.2312676552930992,-0.3367145856012894,0.1279321498920727,0.6454393380901378,-0.8120682102272142,-0.34886824349665624,-1.4763987752182905,0.24379763998242157
-0.19791913679103496,3.8016378160356132,-0.20919135917914164,0.127824140556462,0.5666071977546271,-2.521292046157858,0.17089105851097572,-2.8662994633285135,0.361518175761053,-1.8815785544525077,-0.7878737520947016,0.02673904479675305,-0.19792706877575214,-0.1601103253454344,0.017930834525261237,0.25398982537368103,0.20662692055844428
0.8032740241671539,0.0708098187152071,-0.2037578769913585,-0.018438217335011706,1.0905259613123288,-1.0268856774999164,-3.22697362583207,1.3691074706020783,0.44568710694840097,0.6839109057265533,0.04198812945765232,-0.16973814884977348,0.12267361588965077,3.4710184616255195,-0.004249309400800259,1.5568874338565193,-2.9631280525862382
0.47967189637669333,-0.16003960109222384,-1.8389393718666782,0.33391324051613813,-0.6907484523852105,-1.3636037356093007,-0.8213323678118669,-1.2318736781760102,-2.6819008697713853,-2.078899187786422,-0.09505418761736267,-0.8580279912201213,1.096828965491082,0.15127472920538346,0.2089080962587276,-1.659823265694462,-0.7832896148092358
-0.4323241634237983,0.25948929347245847,0.06726464966022208,-0.2771960592715874,-1.018852222546327,0.13020891218803546,-0.6333899226626687,0.3910214527750024,1.9678034447034711,0.26043622086238893,-0.13137117399911505,-0.040788589463052256,0.866635491792232,-0.5366692423337003,-2.306592064804028,1.4490516531688338,-0.10087454360288615
1.3454804005010843,-0.713727954036505,2.161616064864285,0.6693298094580336,-2.281845444254952,-0.46273206647060067,-2.2459882602248094,3.034584412329824,0.6877739978677536,0.745259703460128,-1.0010466187470235,2.7735297232492004,-0.18514651398067664,2.941449680079761,1.9036421749462524,-0.6460259886414463,-2.3408799599337358
0.7628727294545967,-0.5086904587049815,1.6905879299149635,-0.486301070349062,-1.659173107310212,0.1268424614685683,-2.043681023135785,1.057864553479635,0.8139588618904791,1.397904759037725,-0.41426431006161624,1.2226962127504608,-0.7067664632124054,0.6825054275055397,-0.1110617534346596,1.6916459428902018,-0.15128503702849172
-0.6216838526111967,0.16268052923381246,-1.7899098446340105,-0.4946478518496792,0.7768253467473142,-0.7992778803082632,-0.5894664229490166,0.6813731182698058,-0.4004996255105546,0.47324467348717525,-0.120042805152084,1.0531704425862334,1.1459046993083368,-0.929012071417432,0.6120181195379424,-0.4291887145996114,0.07646678360203063
-0.34603999053611906,-1.117563123998945,0.5374799785753062,-1.232842264454865,2.117055419052003,-1.9744450135739289,1.2076310912298365,0.12273226410567836,-1.9043772343481267,-0.27389669753259893,0.38021170099205426,-0.19111855265013614,0.7750322277863568,-0.8446097615317364,-1.3337060188443188,0.19937639602803262,0.20005789556472042
-0.4881106291148429,-0.8471788884484298,-0.5632885811756713,-0.9632092831443108,-1.6829874232229438,1.5890096173600559,2.1963610156703015,0.7443860286261831,0.5622171517125326,0.31310743811148384,0.40768809787316423,0.25049032484110384,-1.667611797481736,-1.1810342194066856,-0.4326252626877741,-0.2944792291944344,2.0678685068741136
-1.032273511790448,-1.117563123998945,1.2959192500927028,1.04446369609977,0.7310908604067622,-1.2798807004206283,1.1880717111864634,-0.8971651751049681,-0.5263242407187021,0.19505313970346635,1.1666091792203335,-1.2945771842367804,-0.3405556549870043,0.0799243416520917,-0.6326047595556293,-0.8761256698973886,0.10069647870788555
-1.0757896795670636,-0.7541998987016242,-1.7422845243497804,-0.1751699914891644,-1.452116538330233,-1.1846359726390778,1.8410159629532923,-0.7765478440372793,0.31309513438343667,-1.4570728748956843,0.8156412842734629,1.782810070864835,0.1506822649400873,-1.270999976885048,1.49521840394308,-0.8721957512559961,0.9027977512617071
1.6073751026947287,-0.6125323293380225,1.5032518357221212,-0.8192351612193424,0.28609422349722813,-1.092968745564276,-2.072179891299081,2.122806098967943,-0.11896324844061076,1.4395147400306327,-1.0259253974172302,2.302042751622112,0.7801004361388632,2.937982202822202,-0.5466766054836473,-0.30375495145901665,-2.8997564609702664
-0.14656522998778312,1.8110340459696825,0.9875617532792313,0.7027000900792034,0.756742634190501,2.0196291692343427,-0.43752466459825057,0.3507490764637246,0.26052669377483156,0.857831808609427,-0.28851662190943417,-0.15160077059443072,0.9148190435037554,-0.4520237057912639,0.788297723169368,0.39170293069144285,-0.19553149039568948
-0.2932938547838903,-0.22526404512140552,-1.2492382656237415,0.10974570450742438,-0.32594856596792476,0.3123642163247427,-1.283252148334907,0.9937541424070915,-0.9735877205135973,-1.080360943996887,0.05141050321499582,0.33810257469855104,0.27218140836346055,0.7715077549587694,-0.6108546632164178,1.247610694749273,-0.8412461641192361
0.6557058744272943,0.2803613622861747,-1.6124235141964798,-2.1368302473261767,-2.2147240607448615,0.29227328022645516,0.6481388496018443,-1.2396935720995488,0.7092790397906148,-0.23111492226431893,0.17216912920291494,-1.0258701038443023,0.5814353238818925,-0.5186476032842939,-0.4143659357811682,-0.3900430892577973,0.03889636689016052
0.15580795776912315,1.0181376046672541,0.9763633777400162,-0.5366863459406859,0.2941917463562447,2.111952819655031,-0.10020259128345334,2.244588185496052,-1.1625636171396285,-0.11473739809622704,0.1463280953187444,0.1328184914348459,0.0466416853884702,0.06120430580501272,-0.20867145264575582,1.3563456601221482,-0.12548759800737164
1.6074796803981188,-1.117563123998945,-1.0712551601703368,-1.009686328015092,2.195024424673989,-1.3947938020569526,1.843498234729266,1.5289186453121544,2.117082179418789,0.8123680493854487,-1.8584474366204717,-1.6627415729966488,-0.7107243178103979,-0.35027371711118094,1.3105734211140656,1.6844182656064708,0.6970071007452322
0.8242225327280465,-1.117563123998945,0.068042525924247,0.38789826530202026,-0.6252853398816893,1.9221276407262657,-0.2370522511581823,0.6014126284067313,2.211294452073894,-0.37976592516214663,-0.960864577936804,0.04080273124941862,-0.2873036327961242,-0.18658321729809776,-1.8420609025015209,0.36511839370457416,0.2848544430652641
-0.03737141931328954,-0.18209270220418633,1.370148368791953,-0.6630052929868006,-0.8609632328648695,-0.8627170765526572,0.5446960697183484,0.7546693183222581,1.7166931465905115,1.8203581107254956,-0.009358959696549658,-0.06198513891670646,0.00031067211265406035,1.2435989966637884,-1.271682624893701,0.03321483158108961,-1.0654475493589446
-0.312389045798437,0.03834540448550499,0.15354135575650435,-1.6221681282254405,-1.1430153572538126,0.3271847390442748,-1.3559587190688671,1.2316938315889756,1.2324022301914888,-0.11764566238242015,-0.028620027121462915,-0.058881235423318926,-0.05476900002608413,2.123119287737017,-1.8991321035718112,0.6144959375146885,-1.7518419890763717
2.330411091877477,0.8576502244159637,-0.2941923642914234,-1.7084883656380847,0.18932761313146018,-0.21118012040895529,0.17586792667533083,-1.2570789262646838,0.01616009445189744,-1.9977539149347063,2.033129744500707,-0.669769104220156,-1.954261942438567,1.9442238986325369,-1.0450354702312263,-1.1702938934330551,-0.26735607524337723
0.6184596553228265,-0.6414197920401201,-0.1669379294385216,0.18384407441424286,0.29752263519346434,-0.30885472856356816,-2.45626163462193,-0.3856539444305656,1.116260138704727,-0.019606148126400248,-0.4231096978897904,-0.11184300200270735,-0.4270993049677244,5.952066144478131,-0.7709645315288163,-1.061164787453342,-4.651360509857242
1.7467998394910318,-0.356217539538245,-1.5864049164316418,-2.1262923320607774,0.8785508995365896,1.5128958298684647,-0.6959492707505551,0.7693334680420073,-0.25001492606668707,-0.09749426789684183,-0.6543896666792982,-2.667861579506749,0.03850228631296821,-0.7547274736893146,-1.5685171054760743,-0.35748042580173395,0.5475091878410121
-1.2184983047263587,-1.117563123998945,1.792924703332137,1.0369961473280613,0.7470735653664928,-1.081105394360695,-0.06765446545087002,0.5761384362666686,-1.4854941375473867,-0.8248804857600863,1.380015699031114,-2.1059965063800963,-0.30793715047753134,0.1654729466673734,-0.6940262688681709,-0.5864363951524002,0.009761875773248354
1.1015304688218617,-0.8467166637888064,-0.5369839217107104,-1.100753881450779,1.2997338287029758,2.3522267826246317,-0.42314595137649164,-0.0345665406400012,1.4242656644354574,0.46682279778398794,-0.9727219170393252,-0.5796292447711205,-0.2724838676371365,-0.741774521078887,-1.9660940310481045,0.5791067910119465,0.7300024817431552
0.38288763123670944,0.3218336995099791,-0.9362972099785976,0.25101320560642804,0.9268961170728923,-0.3220855645873425,-1.897925401418751,0.23538129321990267,1.024013944348911,-1.4359051833897338,0.11002053730007422,-0.35639210284528283,0.4816254887045324,1.1706847258143478,-0.9759834265434266,-0.16138811636322947,-1.2884016354071204
-1.2005419806394226,-0.132761438511317,-0.6106458493336439,-0.17942046900941333,-0.6586775191151691,0.3985004276663398,1.7791884387077543,-2.790180802969241,-0.19794437526069397,-2.3925741797412057,0.14709893746465652,0.6894378065308792,-1.1264667534672397,-0.9075998437700236,1.2277023743826299,2.0174839337717456,1.4428229638534948
0.24963802431474263,-1.117563123998945,1.7462986212094878,-0.18431977054251295,0.19094752957444014,1.840556429635139,-0.15057581524526611,0.7326420110897214,-1.1553018183492902,0.012227845960270654,-0.3024126159584058,0.40473491761595576,-1.6899692166651568,1.274691678520971,0.43615852803779104,-1.2162971477991147,0.07434678256887951
0.5230148276210512,1.738870996985939,-1.376600115862878,-1.5686377834727656,-0.5027273972686801,-1.6144606589631905,0.0667404224211474,-1.4420899913867276,-0.7119253069387781,-0.3547370134686859,0.9162288542080511,-0.7027200675067561,-0.37649092520176536,-0.03799235219286379,0.22147249581810585,0.14224418650526127,0.22037325726225815
-2.3307120809607653,1.845695682107153,1.116169691449901,0.8541930342140637,-0.40845267070041336,1.4552645162374767,0.7062914930100619,0.7764948653864415,-2.0803920866872114,1.3507619752790423,-4.427436344216502,-2.5053141026827004,0.7649987416145312,-0.3035868174783496,-0.960874207163418,-0.4237224486164208,-0.23752553463361303
-0.10319444136727535,-1.117563123998945,0.5435975949366382,1.2480520477963968,1.5361873762222715,0.178228025244431,-1.843449235100295,1.7302112827764085,0.9404377270389106,1.9317663647402497,0.1019199510987075,-0.06667187608414543,1.7126842900585755,-0.20502654853819086,-1.490641117501898,1.2463368088245745,-0.7858082942376425
0.9943886304955788,-0.9395189429164501,0.9576423517078897,-2.373423495708666,0.5320735652053669,0.5596576322254915,0.8702022755211992,0.8933467840842672,-1.6017217227858989,0.30749744131683127,-0.9743243800102929,0.8994106443881104,0.7834855680693088,-0.9853924896013864,-1.0963466047209425,2.0423611901178393,0.3107910886232127
-0.5450231244588891,-1.117563123998945,1.8774144444029701,-1.003215769547284,1.9284699572760444,-1.0812970107844793,1.1851506411533386,0.6303285936554212,0.3915815557612145,-1.336741855320533,0.6082387936365603,-0.9932562268308933,-1.525995427488527,-0.9512297059184331,-0.007674023579410574,-0.9589110458688881,1.7720655570726267
-0.09205352524892388,-1.117563123998945,1.0067474548398774,1.3079510118571605,-0.17027219796364096,0.08731361922430003,0.46366345703002526,-0.8528017410729826,-0.8345800831057595,-0.12896702947345798,0.08915288556012774,-0.10171648575188531,-0.2576477227921734,-0.020014346247549282,0.8976638163763064,-1.5317559447391293,0.12962413743193021
-0.1348878099395022,-0.9321576508484495,1.5595586744500287,0.09782938514285935,0.14302638146350755,0.4688491330859981,0.3097698151074087,1.1593062505708822,-1.3770230227734142,1.803233535658615,0.11259489523391965,-0.2144723190466074,0.24419371184034672,-0.02689510621923775,0.9316275345101116,-0.4019756717866862,-0.1711428366249993
-0.5252515640556663,0.2252704504051134,-1.2022563513553521,-1.1245781413701708,0.012877650003822301,-0.11519693410863491,1.3632420956213918,-0.011921466879550233,0.04422333603284882,0.8385039525284047,-0.1376673685688506,0.5920799073748055,0.16307499275332235,-0.7159216757971337,0.6616760864771087,0.18062236184596295,0.4409374984745791
1.4732845552725913,0.48727076526008367,0.829091308091932,-0.9095934156670576,-1.2298391136995832,-1.0560716044940417,-0.403370648988915,1.5929364745841947,-0.22832740628237308,1.278802083136983,0.7197940605078252,1.1573406126510446,0.5342860114154864,-0.460225703842606,-0.6974127604063127,-0.9482761978804686,0.017345246938640268
0.8277308789677952,0.5848331773390627,0.09626534443317468,0.399594485582568,-0.6935282996168811,-0.7236534438757064,-1.3746100883015704,2.249840106970475,0.8578075593556083,0.3636010423350671,0.48004877203743823,0.0634127757581329,-0.9603072555512729,0.26136461111525244,0.059635922760625126,-0.4353174155639854,0.36805248610340957
-1.261087918959441,0.4587697675751456,0.09055069979292986,0.5919640360693676,0.1176351343820984,1.091126224082519,0.7437947200045193,-1.6490355292057228,-1.4196824601677605,-1.420746841977285,-0.6095876714148339,-0.12233195284421211,0.047469141353454355,-0.8148667751185402,-0.28396079239208233,-0.4150308248417938,0.5913169662579012
2.8904846672295137,-0.830603833372376,1.2735465143812947,0.23160824088401255,-1.4855430627120223,-1.8405954399541624,-0.0038063507150024036,0.8120124735966464,-0.686161680500066,2.0137034391206527,-2.478193374047535,3.5138814774494054,0.41218016114634515,-1.2093630960980162,-0.16460546575480897,1.2389867942303967,0.6997602890603924
1.23967839170141,0.701805094962996,1.8275927943048644,1.6554694560190133,1.532816702723532,0.5731114383003013,-2.445915411621917,1.1305081530380463,-2.2278009321949472,-0.5230760027499285,0.8757838585186735,2.157697990369391,0.8281715921072627,1.7438422713863382,2.0588567413100987,-1.2770521325887298,-1.9477075182217658
-0.5799839705976109,-0.6023162654449662,0.534621018161167,-0.048612368755622,-1.1434242755787118,2.4267292739915747,0.5559048890613346,0.16531727589944048,-2.2481759671425916,-0.9644788904092574,0.34187387401731045,-0.309997642604604,-0.8460532409627343,0.05194151285640257,-1.7150570220961285,-0.7754500049711294,0.4601310089296948
1.0420587787390578,2.716236928311874,-0.06755702137998407,-0.5849118286493538,-0.8292101951803488,-2.3011098347884866,0.014977092863420765,-0.42667279870505104,1.9332543509837523,0.6769641019550672,2.8860678700539593,-0.08037430105546566,-0.37339889066551546,-0.6083929241003078,-0.19787026851897516,-0.11562109977728922,0.6854083599153544
-1.2844743597052959,1.437603003642144,-0.13699483070683985,-0.09305566418358341,0.7869064981463919,-1.0303368503730799,1.3129612424025443,-0.649100752712708,1.9165448950985877,-0.5263023229460794,-1.9098248358279357,0.15565995583944373,-2.793991536172448,-0.7434977841890995,1.2389556956863037,0.2349609258118906,2.6329715638299493
3.278332303769334,0.041558976168326336,-0.32369931072780866,-0.41164099213390815,-1.2886421401546118,0.4706677384663918,0.487488299102238,0.8170598910677648,0.15759723471131754,-0.5070410937729268,0.12336933326398561,-1.0296241382958384,-0.656958989747357,-0.8199155586949703,-1.420913519328837,1.2253636335138878,1.0452875259709271
0.46370504711171034,-0.3997282960820786,-0.3916615023918678,-0.8313251153079243,1.3411106280715295,-1.5948980629368374,-0.9836992548257358,-0.8025086665804945,-0.9226444955977101,0.6376733760356872,-0.2064031236199996,-0.18692781671284353,-0.557363730529429,1.1637923275183129,-0.6042259239144919,-0.2103735639684564,-0.6453569570055546
0.41945257446265183,-0.6391038155135809,-0.3096776398194779,-1.7964751139723436,0.661429004864579,0.23690362058299422,0.7408408636696624,-1.1296070799375293,-0.3882977832114544,-0.3156014907049083,-0.2912228047977436,-0.13737620300069373,-1.0655351141818983,-1.0505080249775198,-0.4902783059972897,-0.4334258566389141,1.5163878685246543
-1.3808214133349046,-1.117563123998945,-1.403847944375035,-0.4327397644096202,-1.4761015780714188,0.49927340548833515,-0.22495356504393632,-1.2168356249370738,0.6918863135005232,-1.034143238053606,1.566031798965449,1.844252520407857,0.15078149191796203,0.16256621112868078,-0.18655874946529843,-1.278975201508757,-0.27103031134737426
1.3376769110169227,-0.7940104687514742,-1.4829134850761825,0.550734967691385,0.5607607045023144,0.23249333233618805,0.42915451531384957,-0.6839935273409412,-0.7040266589376835,-1.482320131596308,-1.105456563628817,-1.9134088801393745,-0.07659357248337464,0.16160227191355198,-1.550115953247623,0.037487884187050444,-0.13235373025739475
-1.9632506536132086,0.38826800175651843,0.7733687637218669,-2.1903999213908296,0.3919800725017718,-0.3605899117022799,1.2394906880502559,-1.5679917096701321,0.13074517889080245,0.8484915277608882,-0.7979746007317577,-1.467579051678325,-2.337713681963258,0.6089842189527206,0.6265842408811336,-0.5444759394619773,1.1371802157835804
-0.7182359383253345,-0.2101253618134222,-0.1641543766191186,-0.19412880321373724,0.7608645441467591,0.5384017131629734,0.4044006045973192,-0.019283653194138096,-0.1177306255881623,-0.059534742807360395,0.1384177086498234,0.10002993242894606,0.2019874355717609,-0.5445973278299837,0.6971142362213409,-0.9591757334755194,0.2775959027386225
-1.0975691285581004,0.08849348149510404,1.4666878310097413,0.3544318642712369,1.011588794988566,0.24901091897559327,-0.5868690057615263,0.3286610438672218,-0.5614425131785696,1.3653025791288214,-0.11593280798888368,-1.5552179271653042,-0.9718784946685187,1.5670382005457895,0.5402503219800958,-0.6167879895222791,-0.6928921190104368
0.8118056295297331,-0.5261212817334295,0.2730769171361595,0.2614808592847207,0.6391251895008724,-0.8495647104035353,-0.5220987378460239,-0.20069395666645504,-0.5551281410881497,0.5658667113169368,-0.4542985632013576,0.1994619129810369,0.4792626222043401,0.6505384661717742,-0.8293480809425786,-0.9105930219810752,-0.8611842121766907
-0.8690625334761856,1.1677557542761403,-1.8471862318378514,0.7612014908160659,0.27035272828981793,0.16581901943523894,2.0759224007889943,0.019957866584745607,-0.0045864876523012375,-0.5878678741656268,-1.0569785020547349,1.5250787952314848,-1.3346882444198809,-0.5680820812602606,0.12118565348598893,-0.9336844849991692,1.3159336648760613
1.4210930822490437,-0.6690728633288696,-1.063745794300967,0.8831591113550367,-0.42942192640977905,1.2204826283552228,0.5368838297746168,-0.24146973884841638,-1.1271230445746971,-0.7455765501893358,-0.991313254399578,-1.4612223243508875,0.011615256319749682,-0.7698185119408028,-0.8582217348151513,-0.7111503621198806,0.5762009313400335
0.43683574096221695,-1.117563123998945,-0.8753736253840935,0.5516372869195099,0.5765638209893837,0.4496645492187987,0.6753297560030509,0.8664860335955233,0.3121366237398199,1.534557346996181,-0.5169340692861087,-0.3792878915196213,-0.30977757546913604,-0.34800082771247415,-0.2951402307725703,-0.4898524752508893,0.43135762792100957
-1.860228383194646,-1.0573709128655915,1.8753688286053336,-1.3645789950924683,1.7374183162417054,-0.07428014026558746,1.0073284400124018,-0.18688391166147775,-0.383850481377144,1.19733059104486,2.0005973263494936,-3.3552588322418377,0.2918813223301766,-0.5907508680150391,2.1744246363025184,-0.7481703485303911,0.2626451103153395
-2.6436519057024177,1.2521221533956932,-0.8295778367980099,-0.09890031278009025,0.2739041347109934,-0.48443604533588136,0.07069050921167234,-0.20117920850411183,-0.2540309700250881,-1.687386915587228,-3.4106280852074695,2.088226282000486,0.1087923092752434,-0.857057858391722,0.13030928326295457,0.9292485208607968,0.5889104124794238
-1.6846854195419105,-0.29637647226313457,0.01804604592879162,0.24241274555534692,0.482317895999254,-1.4107770186516542,-0.042229475162477895,-0.6749116439951174,1.2867184912901803,0.1854607220313001,0.4956520890381133,-0.042054942245194994,-0.2810432421739516,-0.16430265974087885,-1.144396075800924,0.010574868851852423,0.2626259935790181
0.29731381184790767,2.0087200488427954,1.5054414229779478,-0.7587749209577016,-0.11706886196330872,-0.7219735400899422,0.8327934241388114,0.13453523719910349,-0.04960876308007839,0.12349557659041804,0.5960594385695356,0.41589257244099453,-1.595789695987429,-0.4552676452216058,0.21438750076229204,-1.2327674837541747,1.4187998212917985
0.9012112315366353,-0.9323634459261713,1.8940768392170737,-1.8333309337777648,0.7568897293860488,-2.209417073568756,-1.2133331086012993,1.758724046496806,1.0445212309045606,0.42215079802623107,-0.8779454076877641,1.6224597129087233,-1.535174480838371,2.0450581682043554,-1.3075751893496366,-0.9944046989985907,-0.6743017466428418
-0.725885333169223,0.7532081753954054,-0.7691617900480873,-0.834231996791468,2.3497228462915594,2.11061356002584,0.03935644754506852,-0.43262241797478,-2.002416194505793,-0.29243066803586537,-0.5769731876685397,0.5219840175031899,-0.6183973461604175,-0.5918295401597696,-1.155803675577146,-0.9506056463103465,0.8327038351374265
1.0964924516981356,-1.117563123998945,-1.704410500559436,-0.15225049643069102,-0.9769065035012017,-0.796985779826413,-1.087529920581007,0.06441161562010944,-0.6984678319424622,-1.2618907053709254,-1.2728755349126915,-1.8034361590215382,-0.027676460457242424,-0.7747769112753163,-0.9989642983276903,2.860367911127094,0.6042552391473833
-1.6318966410180336,0.431394614216658,-1.0804958563133145,-0.261999498751533,-0.812979629273271,0.9293152513090142,-0.1621260310181178,-0.9961581677963504,-0.2315382053613347,-1.0338934767903234,-0.7382177428880455,1.6763934407673127,-0.6433980061705056,-0.22419884966091944,-0.40611159742252345,-0.4135224914722492,0.5484288039702887
0.8992717979333501,-0.08872505867568592,-1.584767063986588,-1.011041040907364,0.1482138841246611,-0.9988962138872691,-0.7065097807815337,0.37566220148948964,1.785769752957537,-0.4227109052909597,-0.09815241067764348,-1.3783058550550187,0.6224490763931843,0.01838676909845287,0.9659994663213329,0.0018864590242704568,-0.42350724000413126
1.541067236775197,-0.6573051187109198,-0.9146352045136081,0.9367120505075096,-0.001972677887793761,-0.5979262247048812,-0.36062047885220605,-0.4174737784991278,-2.109084871338336,-0.9049555104320813,-1.055028793851922,-1.3633389306474208,-0.3057316491483443,0.09910396375147787,0.6098084613335253,-1.5966724750294317,0.06269434452559865
0.7956016850029707,-0.40316937143463816,0.15650376831102042,1.4427703201834106,0.23194773275751407,-0.2160135820843981,-0.32951860844362346,1.209146154640024,-0.12473996549677034,0.5954578451780995,-0.3452501809832064,0.1063657238051282,-1.0095304284710651,0.08845701937648161,0.5547732939523103,-0.4954988036711503,0.5442072729922741
0.5587214098614146,-0.29644017906054854,1.3503272836829483,-0.9149816642824721,-1.6414333974951312,-0.47623746725179006,0.13730436314295186,0.38977447598146897,1.555745490622367,-0.307556445824602,-0.186173240848682,0.70989331929803,-0.30457749338698875,-0.19362643371139115,-1.0563821066188763,1.6594227179474144,0.30163776748583904
1.0466623966184145,0.28899406969570535,0.07411413032872236,1.4694069066430853,-0.20381809218132113,0.8676944941369223,-0.51723124136625,1.7895521818534148,-0.7916047358480837,2.1247561606855805,0.293828682943674,0.06139189832470978,0.21261111364661378,-0.2593798016849343,-0.5024726904276371,-0.7416622292584941,0.037794313683280824
-1.8099593704193373,0.561649288535636,0.3105080973007907,-2.2025003042449405,0.2619213016322312,1.7321745385377634,0.7036755112905255,-1.2960266468852841,-0.3706912297396687,-0.3150420664129606,-1.0587315641483848,-0.5513689963151958,0.3142361124668072,0.4159622879334603,0.3054448919767333,1.359874600671187,-0.5746244158105911
-0.8557144435895083,1.008524485538414,-0.889743823973854,1.4379060975481548,0.2677545299296692,1.1877943816031133,-0.16018805999038532,-1.3053480769251373,0.12638607633320117,0.6220419829398991,-0.9012761406006213,0.7165134543442404,1.908520941763376,-0.9007355746845213,-0.5889008741567324,-0.8715016833944974,-0.30227174410524893
-1.1851745832235268,-0.4451148034477741,0.8463329925319136,1.6445485270247875,0.46271405972248625,-1.062136380288695,1.4946476831968896,-0.71025714114517,0.16610860812012695,-0.4079067147007391,0.524607275499525,-0.973920553782995,-0.7056521974003565,-0.7708608392919193,-0.24126992995375068,-0.05228948113821067,1.0379421034005125
0.028525004379562933,0.8917172505283245,0.28816826968207493,-2.3435130601838625,0.644760349650757,0.7910365469575248,0.815114224928036,-1.4012324863938626,1.5608511730650318,-1.0118096250845983,0.009745659388405322,-0.005052510789197035,-0.09458717557291821,-1.1347689407707564,0.47367847106972877,0.3031653577415874,0.940202847801132
0.7053795967995692,1.7210022958300486,1.1017421862372951,0.7149469794205905,0.4190750040529929,-1.0867563150299728,-0.8038496906706059,-0.7097208978701558,0.5821686038721079,1.1582250602729245,1.2284713178582027,0.7316315985144712,0.41813359928986527,-0.8932066919172984,-0.3112088928404209,-0.6648109122739396,0.4375005097651865
0.36329054613815526,-0.7841363374572637,1.603462756485602,1.8307963665111073,0.8714417181211319,1.3947777289505863,-0.7798424207503026,1.7260652292395486,1.4313255548867139,0.7669433197968034,-0.30844518061956616,0.545168886906913,-0.04321715051004613,0.9946384355956678,0.2598082826936381,-0.12420591814028155,-0.834968395321373
1.1042165413408587,0.0960066873505436,-0.4299410265574205,1.3194438139472449,0.3733506154432555,0.04659181434807749,-1.1084851388938677,0.3384224194090307,-0.4115783586845817,-0.041880159239021116,0.09236913645464574,-0.46776886442388704,-0.5329421475620002,0.362120222919373,1.6174067276553163,0.9885928550018593,-0.0051149104790068935
-1.0427243154084869,-1.1025989723488205,-1.398815926371227,1.8368450294890657,0.14320812185635404,-0.4417476484882778,-0.50313937388035,-0.5626601995174292,-0.9472675711714595,0.029402995706103125,1.1625854117132508,1.3844909176413165,-1.6091155044357324,2.350844845256458,-0.1354691674393563,1.3487318770017984,-0.8686402674350867
0.6713585172288434,-0.377736158646831,-0.8045491598710873,0.10003196176468543,0.32347406720146354,-1.0473393522513443,-1.5323510474903657,-0.15294410540837788,-0.3455150560460004,-1.1670561115418854,-0.2763775623038451,-0.5304197688811924,-0.5434268150447231,1.7745213164310574,1.206759706885116,1.6165772916894892,-1.1546288400898344
-0.888582499760977,-1.0273723236928862,-0.18586295113659576,-1.522205103035183,-1.2639478124190442,-2.195514430113605,0.7328659902000669,-0.9698686251858529,-1.2653964021495683,-0.1020077741164207,0.9197662699145658,0.14530152987437192,-1.1210740034669762,0.3727981198926789,0.5909066181094362,-0.3358440693113099,0.39060524644872174
-0.6209777397736104,1.7232085928258911,1.577810880018155,1.041296807279968,-0.5764077683433168,-0.7110403339961464,0.15198587674335753,1.599949866307029,0.5085623291737149,1.520755133781762,-1.1136031553135417,-0.9516292562055368,-1.7911217109315618,-0.09040800656415394,-1.4222550546812598,0.7774633038154327,1.2703120996771913
0.5943393648288681,-1.021662914185837,-0.3456094704395926,0.2708432081338664,0.11702274987178499,1.3987132583006079,0.35578086655265634,-0.5750318452926707,-0.4880017982387226,0.6020744724667925,-0.6389815758852355,-0.20972399724291385,-0.8357503114407077,-0.206959000959806,-1.0595732495449401,-0.6793645333264144,0.6650135495845533
2.1660810557822723,-0.630442312693972,0.7424810276173315,0.27333094036376876,1.2029437023512721,0.863736949323902,1.1738464578427807,-0.6212345222073185,-0.6373987361641046,0.3773714247601539,-1.4166275630185,1.5279086817471221,-1.0937645892100014,-1.2813463065909048,-0.7928143796345072,1.767934342319751,1.725477070117013
0.3125940270791181,-0.9214030977868796,0.08264231414934925,-0.2530161070786331,0.5239399032828883,1.8628007427890025,0.43261422384197223,0.998014759538188,0.44936486753954086,1.6007664373133925,-0.3116811600380371,0.01182241918287926,0.5799359764101881,-0.3056523487578571,-0.8139124525055002,-0.8391109508878171,-0.1346663507811217
-1.6572324144863362,-1.117563123998945,-0.9614189010122594,0.1573501964466139,-1.3280015808052719,-1.3217179832895818,-0.051558777922626815,-0.5598400519641713,-1.3172568966281268,-0.608605847527539,1.8827882783964203,1.5135572761333709,0.5976956570770368,-0.6723074994683828,-0.054441478854557926,0.6893066996207152,0.15569352910672773
0.32560390090396896,-1.117563123998945,-0.5075361985875246,-1.108774715417956,0.28647044271181343,0.24332041430909115,0.8801482718915652,1.6936630054356403,0.6688875384242156,0.2418638564386261,-0.38946661715609415,-0.17125415435584795,-0.946791800334528,-0.8722774747368865,0.6458137519168399,-0.4790157102988048,1.2867953599239772
-1.7839579209594287,-0.5750918312599328,0.38571390856552595,0.639051953410369,-0.7443633947418192,-0.6811148949167735,0.49762331256965936,-0.6251922132454345,-0.5564171476361884,1.3012309114741873,1.0356731908168673,-0.6721721633904896,-0.28624067614621673,0.17642280160157542,1.2820771013405488,-0.7175228224035486,-0.013043001421548895
1.2657598423851883,0.5741514483265729,0.4413248608698138,-1.5447648060132455,0.6869970068542774,0.11245754524640744,1.971352841834995,0.6411952308996941,1.24435755301292,-0.6936977347223475,0.7288682885902749,0.5222599642847914,-1.9262140844225621,-0.4056350796536913,0.3413787913179774,-1.207513840029426,1.6344253964380682
0.5933438466272397,1.3468814347331464,-0.19400850211523013,0.6074595882987888,1.008629019733786,-0.487725283592386,-0.8528251507705117,1.0774483161138246,-0.4124041802390348,-0.597975699793421,0.8031346948572392,-0.12321467617881292,-0.526499103902526,-0.15089549984639106,-0.40747260806046154,0.9746570667587504,0.4106790538396382
-0.9670541761177228,-0.7974186048913036,-0.7952504823099462,1.0377984411386454,0.28959866279034524,-0.5983430583922913,-0.055283767755615255,-0.603585434270302,0.49070872666813875,0.07982515763917065,0.7744059301781074,0.7238749246296264,0.390278878993658,-0.9408351366692173,-2.0331726264922048,-1.191547198541742,0.49242765545063966
-1.3726598219811774,-0.3487276488647044,0.5861459907989999,-0.10565560592537858,0.2840559077574556,0.19427646743987914,1.3818428726104508,-0.8550030330651861,0.12770880407572566,0.8814994199018632,0.4745115020196586,-0.7837695647702129,0.8274192802165582,0.7120041605396753,0.10537010536649123,0.9992945384426055,-1.1024634241473852
-0.9253870841061678,0.5510009132203275,-1.0166693101752213,-0.007023951173718794,-0.38347668169287985,-0.9405304795109783,0.6917228140655454,0.16877664404085563,0.5421475263741391,0.18291821390142501,-0.5391830480167186,0.8884349958602653,-0.7509488726738103,-0.5950273465750334,0.06084818465599857,1.0152112450255961,0.9247042717794651
2.162230976749425,-1.117563123998945,1.5090181169973118,-0.5490126505199262,-0.09321516051646966,-0.08126713840120257,-2.3348912930849304,2.3336383454845966,0.18052841602501019,2.2032343727699466,-2.4941712929793525,3.113101406063077,1.0602944558017198,0.11656331158322901,0.21696370145840074,0.22862531336315745,-0.7362919961239066
-0.09202046313316993,0.21347297180703403,-0.9418477112282301,1.8220652276082967,1.1620737266907628,0.40422530087958264,0.7008839811482573,-1.490744064532159,-1.8401667640674328,-2.6303880239944015,-0.03648000755334499,0.07010724433048751,-1.5746689199391537,-0.5382344595007723,2.127510451106381,1.8283650470747348,1.4706998096004198
0.8376311459048117,0.09434510627812202,-1.3028776298881557,0.6179721311427905,0.6541757166620461,-1.1781992729506297,-0.6798172635124101,-1.3001530720214325,0.8868561344049299,-1.1428477370151457,0.06469761875604994,-1.058497420490274,-1.2995661838430492,-1.3090942484401191,1.267611876265993,1.2519476657352837,1.8968834566094877
0.38103535448634795,-0.9545180916008751,-0.029179279007709474,-0.3854652560684915,0.09724084224635342,1.508272662570371,-0.41140075293992906,-1.844506501427899,-0.15627587799034712,-2.477301549207979,-0.3892843264131703,-0.023579960603104178,0.7091164304289769,0.22253556889660453,0.8150995851833511,-1.4933813375757623,-0.6380920877117588
0.20729196376056772,0.12708458223828406,0.027945720008667678,-1.018603157692119,-0.3011207470937628,0.014725970394979006,0.0014669586104014704,0.5980229717183978,0.7532141704214397,1.0016387058241032,0.010676091129860092,-0.007377817400843627,1.695821025761666,-0.35378421295290796,-0.9204429115770393,0.2508377739277132,-0.6564271021368202
-1.0878659832503121,-0.5070610825337986,-0.0016801292156617376,-0.8484407241707097,-1.6290251481071998,0.947226191014834,0.06036789002492245,-0.462004076665593,0.6085439115781743,-1.4058736455933887,0.5492948243129008,-0.011176719165667428,0.48720896147147214,-1.154475764921452,-0.4743410381140966,1.0542643890944845,0.6122318639655754
1.6955415797423359,0.6302504360688441,-0.18896494490906213,-0.12828906638513077,-1.052615415206544,0.41293914015054617,-0.11846705423196625,-0.14295578580650908,-0.7412811723544402,-1.1668331413030524,1.07943384284684,-0.31989094420920305,-0.06058083465917976,-0.9922880902682459,-0.05896610959593679,-0.38128073362614745,0.8025536946574807
-0.5270038001896349,-0.8298945723681979,2.1892337024127833,1.5659955495366924,-0.8476446449826995,0.5765573629709481,1.447264133845324,-1.2684592176174718,-0.8052979481659518,-0.13280918649151058,0.4321344922146473,-1.1182843337383486,-2.272002298842613,0.7550144859506505,-0.7350118125857246,-0.16557497107602734,0.9632897238152094
0.22222970462125688,-0.7235604162184452,-0.05883270687103674,0.6211971958553121,-0.2870448071168027,0.5952097909396448,0.5044079783783707,-1.021076598058498,0.597826084202425,0.329123399556744,-0.181219625030657,-0.025453978862129724,-2.094730026243035,-1.140915479710135,0.5323920250049147,0.39775901850486883,2.3711032378331582
0.5636854491652729,-0.7553890317451712,-0.08059404858474203,-0.8639678166777308,1.6270601610292057,1.1868493161993872,-0.7559229026620954,0.029676498213744237,-0.37295767086248033,-0.15349207610081886,-0.4529589528182959,-0.05645258469550578,0.11362829926115638,-0.6123556941301525,0.38978911152116336,-0.1484781883316113,0.38565528061838605
0.4169386132832544,3.403706276095542,-0.22847353966949677,1.0843934734165757,0.05950190194541767,0.30129795832984513,-1.682363861991596,-0.4858746682589299,0.9621327267733523,0.24802329471411066,1.4388618033600775,-0.10419288987320541,-0.38664356324847365,2.5678024106327637,-1.0458357963647398,-0.6013834646156954,-1.9066311150421105
1.645735141341709,-0.6799820605300492,-1.5581835616210902,-0.35981265332073487,-0.6997556012314081,-0.6145484947672671,-0.514914392231332,-0.20369944350001354,-0.3570324177911835,0.11762216869122523,-1.163844410169486,-2.469757560561441,-1.15405048950913,0.2526862128139254,1.2241226008444008,-1.2022535396341216,0.5125913906561063
-1.0728279118605373,4.554287933693063,0.22128661871360802,1.0496836141619976,-1.2383128478608711,-1.3288583210162581,-0.37008169417597553,0.4097504462562741,0.7761588583328821,0.14286092075674467,-5.026463187339121,-0.24037561996744117,0.04807411307669065,0.5523109501152975,0.13688033678228753,1.9779370600249118,-0.5284609984035252
0.038531602328572806,1.4688120812640941,-0.7975649960491027,-0.7717764520654559,-0.38428362554000717,0.2813061337494043,-0.6779906539640966,1.7941864493764426,0.3076934011657432,0.05151692241879232,0.041696907487338945,-0.04237067060912599,0.09897522509973665,-0.47247382728647974,-1.682346478368257,-0.2266309504553101,0.2799141227869122
-0.23704644654720047,-0.5695706319142559,0.34241150295213035,0.28409425970092095,0.9637718608657257,-1.5452872389527008,0.46566044228542697,0.10679645855439678,0.2525921762476077,0.5550606952329494,0.12210865180882917,-0.09069178024812184,0.9500344165326886,-1.1778807084932705,-0.015753077046713474,0.47525003105422353,0.38039241622056325
-0.051010320384367557,-0.528279089841148,-1.688811976616285,1.4494273463242497,-0.2600025293973425,-0.7330296695018199,-0.15931164664224298,0.7530347991669908,-0.5980277389091684,0.6549936768590541,0.011295514450091068,0.06960672777539098,0.12100990676346927,-0.05997432706322078,0.31458914618794925,-0.5583433792471391,-0.07104181492451428
-1.2146138617394633,0.5695371295232162,1.951520850613012,-0.7180264493224324,0.8107692421961208,-1.589137787730518,0.6719709723495201,-0.6151466343027167,0.2692444061297109,0.5901569457457905,-0.7256833918121484,-2.283879683768361,1.2414693970710007,-0.9640636994654775,1.0015850766647116,0.8537827317983337,0.057609102306843706
-1.1397652590043565,-0.15228561748103459,-0.10397231546417206,0.495247343432061,0.9157517284148629,0.12813502682853856,0.9558359967665235,-1.6945851491963777,1.09413253308383,-0.5784128415769947,0.16164355243750844,0.10060713062082806,-0.010975239550383424,-1.0037862542078504,-0.29998758684649923,-0.11002533577598139,0.7815457192412877
-0.598050775024978,0.9031174241023667,1.2618609768773221,2.078724074514023,-1.2106683654611772,-1.0333101684621238,0.39128507702833887,-0.1407294077762068,-0.04798599519168086,-0.8686927382370828,-0.5701719500900402,-0.7359407648640116,-0.13754253897305868,-0.1725811005165762,0.8576923624122029,1.2273973769557045,0.17905525360416225
-0.5169502970342003,-0.5178590529992295,-0.08682733043770055,-1.1220680519515829,0.3300551379025104,0.2925923958547799,-0.7991608384714569,-1.2762762705542008,0.45385295734632236,-0.1147972372120716,0.2581732493493644,0.030075461355290174,1.073078876035299,-0.9343524175688548,0.22114897195184346,0.2892152837984093,0.11765731802023092
-0.17312443920088277,2.3014426542645374,-1.6083592154885509,-1.4528593191373365,1.7576006432318934,0.8407161326052917,0.9926202885647111,-0.6979231251597097,-0.17152651525022192,-0.5578854954861087,-0.4248977131682026,0.25384274349480374,-1.0233111695140018,-0.27700922965814023,-1.2710777201620362,-1.5678369341260967,0.8531647464444599
0.3110789618948737,-1.117563123998945,0.9271250139060316,0.4403979342822387,-0.20952050718780604,0.9563867822487193,-0.9012879288691102,0.14299393444379674,0.14191497090847108,-0.1961521357440532,-0.37282159027472916,0.26338778660792106,2.8691677977419885,-0.7524309001603624,-1.3705254518417183,-0.8753990706968383,-0.7937674505272705
0.3760891791403572,-0.6396687535355507,0.3717279653210169,-0.4684239529469179,-1.6237343612306203,-0.5197567738150801,-0.22310920326490105,-1.5283811995119074,1.7254974747112986,-0.8575354155978857,-0.2630227167131516,0.1210128678962236,0.3659315195105957,-0.3067127142972987,1.1503585958815261,0.15911917158209418,-0.012792231314103841
-0.21612766585219684,1.2979619747243756,0.7798600043467916,-1.572813517157414,1.4779842282996085,0.1283116839959201,0.9461565089579919,1.6622705509357096,1.2140862527786522,0.5410813119347198,-0.3039909718071272,-0.17440960645351833,0.37164959339282877,-0.6541723828035539,1.223295595539348,-0.17789338745166292,0.2684100315818461
-0.2242608461137,-1.0836828973612394,-0.2114620820209203,-0.09815145118910273,1.2545355564896516,0.16548817061348287,-0.5453055194261401,-0.22485329051562367,-0.006840140819314128,0.5502634691900508,0.23286635584063992,0.03250632142292709,0.5197043549214847,-0.28318963852565515,0.35601514421686303,1.0514269471448319,-0.11943670286436509
-0.7982239813410057,0.31293933091543036,0.34331598659119483,0.6843314316489969,0.10341658462534349,-0.0714010440775986,-0.6644160242292476,-1.092752494715697,0.14170062775546943,-1.6514349208511176,-0.27248027243095996,-0.2754798123684937,1.9072456564152986,1.6007525337009505,1.5210289147599925,1.0288270085816478,-2.3498800870586485
0.249767521498979,-1.117563123998945,1.066575533462472,-0.6313940045927915,0.18150969881356235,0.4163509428946932,0.18448258875761345,1.434539015382873,-0.6849486708216741,0.03595254907902819,-0.302561014799277,0.24229767512945127,0.7941372686749091,0.5833396586011674,1.0848462773760204,0.26724146046304276,-0.9793548288721222
-0.4804713449232462,-1.117563123998945,0.3244072471511706,-0.48196321674742626,-0.7793975542239517,-0.8407464957387075,1.6515066386782,-0.9606187118285971,-0.2150015883960691,-0.7625716134426687,0.534264912924365,-0.1622604028313066,-1.6663794275108064,-0.37694660283494247,0.7143405900259094,-0.47453053968319947,1.4085563452254888
-1.8615837240049544,0.8938217448000764,-0.4305801768974415,1.0237642165047092,0.9778389512160255,1.9885978905524224,-1.6606133294260599,1.500226881607114,0.06647496425035285,2.028670026878762,-1.722543516739893,0.7550224447596254,1.4211424197783677,1.2852237049918227,-0.8700141958828729,-1.324230216768007,-1.8711397030922052
-0.19847600813461028,-0.8836346925574854,0.4119790600236626,0.019997510614074426,0.042567001060736145,-1.3370874413278804,-1.405520960575726,-0.12743352779706302,0.8319750522539361,0.872653942287107,0.16349998809036084,-0.09126712830825218,-0.3690267396316765,0.1323897596741147,1.7551864849785144,-0.8761703293562068,0.07605428678010506
-0.05110490863487364,-0.10405467263074825,0.43846971096853204,1.0112171351864758,-1.8073780215764867,0.9854314988689357,-0.05228160335927247,-0.20839451673997297,0.7353848232049217,-1.2864712498906723,-0.010884113666902015,-0.03439618600210824,0.0907894952534155,1.1612988656079979,0.5679910868523712,-0.5728767470469386,-1.0528594298096061
-0.7702463509364962,0.18793624916401272,1.7085477893986518,-0.17488440550372217,0.5352814337803135,0.24847688202823504,1.5377592550327552,0.3224659366321354,-1.075064925879335,1.30335934274088,-0.16477263458246938,-1.273748380425958,-1.3320227716784363,-1.1086771408837797,-0.34802898290960543,-0.2452462362999708,1.7565996696219945
0.20741117561671427,-1.117563123998945,-0.3659142558243608,1.6539076734808973,1.6794637798839216,-0.7212215127400988,-0.2662691697670976,0.8515364459889905,0.89124845665354,1.555785162633932,-0.2540222556784835,-0.08564015016722809,0.5208394406971396,-0.9292965650499205,-0.6285857504484403,-0.10043489360994655,0.40894308864782697
0.18963969216131069,-0.8404149715634291,-0.21965896027491102,0.3735254755493969,1.015324351936384,0.6878524732219299,1.0785037990475368,0.7454770718068185,-0.17441390614876862,-0.5593742518768662,-0.17976294507025653,-0.05283718453083022,-0.6876567261217108,-0.07162697932426011,0.2903285622219802,-0.9762223532987176,0.45327152570608303
0.5703817872519508,-1.117563123998945,0.8887863097716083,-1.2915270507731238,-0.5639215825274322,-1.4197140867172529,-0.5617522356977147,0.3756038978247246,-0.9903003203919057,-1.7749304559742016,-0.6699727518582497,0.4727625481739542,0.08362064243593861,-0.39671440253319684,-1.6247194357567958,0.050824270325071495,0.22711737216708236
0.41332146567444983,-0.936065201914149,-0.00801862672339256,1.2065315994186974,-1.601870694269587,0.7832380198331639,-0.11695823607926358,0.7759966105646807,1.2925403252561982,0.4758236861179775,-0.41306433528969155,-0.016103131546769924,-0.31073782018931284,-0.2811418887155305,0.7302786501184187,-1.3281310078563096,0.3772288582536467
0.4259693333911307,-0.30502123400403935,0.6315705349751655,-0.06127480691433415,1.5975602031875398,0.2374277583619168,-0.7337261240028217,1.4223809978665907,1.4931544513118422,1.841580081246735,-0.1495683289074409,0.24482098986092213,1.9563790811779933,0.31526976139866136,-0.9119930516230382,-1.0297461400074253,-1.3183979103241619
-0.4828967469812592,0.30872093055823396,-0.1283221559221258,-1.163081155258579,1.572931029423095,-1.2667574549261345,-1.436776977835085,0.5487821504764044,0.16771584492854913,1.5400910084891928,-0.16920561393948433,0.046440167010110035,2.0151297386996183,-0.06169741528563284,0.40339745074065886,-0.1843556783605948,-1.0346062548265316
0.8496348612916416,0.3758424593157561,-0.8408404642335605,-1.1127236095356332,0.1300101921699199,-1.452189041121777,-0.7649047843520654,-0.26516385997369435,0.6354050560379759,-0.8536440893928874,0.3111064849934904,-0.6973789311580938,0.028555305960865116,0.7173080170038542,-0.4829093792523781,-0.8319439690793603,-0.6517219908968808
0.1456487988592037,0.4769711193013421,0.6588578786712008,0.4793231296383664,0.42118893781963307,0.70456054612003,0.22537238236448306,-0.9463870862868814,0.7883139741411149,0.9999633927476048,0.05489865575100943,0.07901018658230115,0.04647841709445371,0.677349122044762,-0.2274147718193808,-1.2880348692317982,-0.62987304526293
-0.16377658449371313,-0.63277522612832,-1.1819661885436985,-1.781848367686398,-0.0506450561730136,-0.5694467511931904,0.8705126934505459,-0.09501294837797555,1.2423301006370278,-1.8033411694996735,0.08993029095748406,0.17253349207047144,-0.4024277035813472,-0.9083573316257316,-0.7166373254407089,1.674880514438631,0.949776312834788
0.352246681773748,0.9773328486521359,-0.9018043459463267,-0.626829927307716,-0.16273180873501703,1.2584473719785199,1.0520414854016034,-0.43567336739306617,0.6310546385483545,-0.5583122341512958,0.336673473424046,-0.317265518121137,1.1158677518218063,-1.3041638832795643,-0.12491034550821456,0.4753294472403527,0.3987570190523374
-0.3558851255115823,-0.5823230248131387,0.3127918393105033,-1.1717681512288232,-1.1655581911520885,0.7415485094070322,1.5378999052155495,-0.5660860929158134,-1.3935074996988706,-0.7294435400481922,0.19616940539467645,-0.1195780518664968,-0.35673555565333137,-0.937410806677849,1.912088978949681,-0.6210714763074588,0.9440646692311206
0.05001945363868491,-0.5509752143732274,0.665455307662193,-0.1890558359338806,-1.289712063451215,0.5411023616804804,0.7425421458795146,1.2733349441663724,2.0369598867572827,1.8383960253904623,-0.04459675103372176,0.01896215260853591,-0.45157958239018,-0.9651604433040182,1.4111161724941192,0.5704433303197617,1.0282381547371777
